ID,Timestamp,Multiplier,Color,Band,Points,Ingest Method
58122,2026-07-28T20:20:30.575+00:00,13.34,rgb(192, 23, 180),ignition,212.131,file
58098,2026-07-28T20:18:26.161+00:00,15.12,rgb(192, 23, 180),ignition,217.552,file
57990,2026-07-28T20:09:36.509+00:00,106.82,rgb(192, 23, 180),cosmic,302.171,file
57870,2026-07-28T20:00:00.621+00:00,47,rgb(192, 23, 180),moonshot,266.638,file
57858,2026-07-28T19:58:50.655+00:00,67.04,rgb(192, 23, 180),mega,282.009,file
57627,2026-07-28T19:40:08.941+00:00,12.3,rgb(192, 23, 180),ignition,208.618,file
57579,2026-07-28T19:36:30.858+00:00,23.68,rgb(192, 23, 180),moonshot,236.968,file
57449,2026-07-28T19:25:57.250+00:00,22.26,rgb(192, 23, 180),moonshot,234.291,file
57398,2026-07-28T19:21:48.039+00:00,21.48,rgb(192, 23, 180),moonshot,232.748,file
57366,2026-07-28T19:19:07.526+00:00,97.38,rgb(192, 23, 180),mega,298.167,file
57323,2026-07-28T19:15:36.161+00:00,10.84,rgb(192, 23, 180),ignition,203.149,file
57182,2026-07-28T19:04:03.179+00:00,14.06,rgb(192, 23, 180),ignition,214.406,file
57169,2026-07-28T19:02:50.300+00:00,25.54,rgb(192, 23, 180),moonshot,240.241,file
57098,2026-07-28T18:57:05.157+00:00,13.54,rgb(192, 23, 180),ignition,212.775,file
57086,2026-07-28T18:56:06.838+00:00,12.84,rgb(192, 23, 180),ignition,210.477,file
57054,2026-07-28T18:53:23.509+00:00,10.93,rgb(192, 23, 180),ignition,203.507,file
56999,2026-07-28T18:49:06.097+00:00,13.62,rgb(192, 23, 180),ignition,213.03,file
56975,2026-07-28T18:47:04.558+00:00,11.48,rgb(192, 23, 180),ignition,205.632,file
56961,2026-07-28T18:45:56.925+00:00,18.16,rgb(192, 23, 180),ignition,225.481,file
56953,2026-07-28T18:45:09.221+00:00,66.47,rgb(192, 23, 180),mega,281.639,file
56816,2026-07-28T18:33:40.544+00:00,15.95,rgb(192, 23, 180),ignition,219.865,file
56789,2026-07-28T18:31:32.530+00:00,14.78,rgb(192, 23, 180),ignition,216.567,file
56731,2026-07-28T18:26:47.339+00:00,23.23,rgb(192, 23, 180),moonshot,236.138,file
56642,2026-07-28T18:19:37.906+00:00,633.49,rgb(192, 23, 180),cosmic,379.215,file
56564,2026-07-28T18:13:11.879+00:00,23.16,rgb(192, 23, 180),moonshot,236.007,file
56544,2026-07-28T18:11:23.220+00:00,7119.14,rgb(192, 23, 180),cosmic,483.925,file
56408,2026-07-28T17:59:35.799+00:00,13.87,rgb(192, 23, 180),ignition,213.817,file
56400,2026-07-28T17:58:53.330+00:00,348.55,rgb(192, 23, 180),cosmic,353.357,file
56243,2026-07-28T17:45:50.408+00:00,19.38,rgb(192, 23, 180),ignition,228.295,file
56235,2026-07-28T17:45:02.869+00:00,35.57,rgb(192, 23, 180),moonshot,254.578,file
56210,2026-07-28T17:42:52.560+00:00,15.98,rgb(192, 23, 180),ignition,219.946,file
56062,2026-07-28T17:30:55.765+00:00,134.84,rgb(192, 23, 180),cosmic,312.253,file
56032,2026-07-28T17:28:14.994+00:00,30.7,rgb(192, 23, 180),moonshot,248.205,file
56018,2026-07-28T17:26:53.618+00:00,11.49,rgb(192, 23, 180),ignition,205.669,file
55960,2026-07-28T17:21:56.215+00:00,21.44,rgb(192, 23, 180),moonshot,232.667,file
55906,2026-07-28T17:17:15.237+00:00,21.35,rgb(192, 23, 180),moonshot,232.485,file
55863,2026-07-28T17:13:39.832+00:00,34.9,rgb(192, 23, 180),moonshot,253.755,file
55836,2026-07-28T17:05:58.911+00:00,11.64,rgb(192, 23, 180),ignition,206.231,file
55811,2026-07-28T16:56:26.513+00:00,11.86,rgb(192, 23, 180),ignition,207.041,file
55807,2026-07-28T16:55:09.301+00:00,12.12,rgb(192, 23, 180),ignition,207.98,file
55805,2026-07-28T16:54:09.431+00:00,11.69,rgb(192, 23, 180),ignition,206.416,file
55800,2026-07-28T16:52:13.836+00:00,1642.25,rgb(192, 23, 180),cosmic,420.444,file
55777,2026-07-28T16:44:21.443+00:00,30.63,rgb(192, 23, 180),moonshot,248.106,file
55766,2026-07-28T16:40:51.486+00:00,21.47,rgb(192, 23, 180),moonshot,232.728,file
55756,2026-07-28T16:37:27.978+00:00,21.82,rgb(192, 23, 180),moonshot,233.427,file
55747,2026-07-28T16:34:24.231+00:00,25.91,rgb(192, 23, 180),moonshot,240.863,file
55735,2026-07-28T16:30:08.681+00:00,29.32,rgb(192, 23, 180),moonshot,246.214,file
55730,2026-07-28T16:28:16.349+00:00,12.91,rgb(192, 23, 180),ignition,210.713,file
55717,2026-07-28T16:23:04.041+00:00,10.55,rgb(192, 23, 180),ignition,201.975,file
55712,2026-07-28T16:20:53.882+00:00,166.14,rgb(192, 23, 180),cosmic,321.288,file
55708,2026-07-28T16:18:39.058+00:00,11.16,rgb(192, 23, 180),ignition,204.408,file
55692,2026-07-28T16:13:09.120+00:00,34.32,rgb(192, 23, 180),moonshot,253.029,file
55690,2026-07-28T16:12:00.180+00:00,13.12,rgb(192, 23, 180),ignition,211.411,file
55680,2026-07-28T16:07:59.843+00:00,10.83,rgb(192, 23, 180),ignition,203.109,file
55670,2026-07-28T16:03:48.473+00:00,62.68,rgb(192, 23, 180),mega,279.098,file
55668,2026-07-28T16:02:27.191+00:00,140.9,rgb(192, 23, 180),cosmic,314.156,file
55663,2026-07-28T16:00:29.760+00:00,16.17,rgb(192, 23, 180),ignition,220.457,file
55659,2026-07-28T15:58:22.516+00:00,38.99,rgb(192, 23, 180),moonshot,258.551,file
55655,2026-07-28T15:56:46.491+00:00,32.89,rgb(192, 23, 180),moonshot,251.187,file
55646,2026-07-28T15:53:22.117+00:00,10.12,rgb(192, 23, 180),ignition,200.174,file
55639,2026-07-28T15:50:29.233+00:00,11.02,rgb(192, 23, 180),ignition,203.862,file
55635,2026-07-28T15:48:46.511+00:00,39.13,rgb(192, 23, 180),moonshot,258.706,file
55623,2026-07-28T15:45:18.632+00:00,49.09,rgb(192, 23, 180),moonshot,268.521,file
55611,2026-07-28T15:41:26.390+00:00,14.53,rgb(192, 23, 180),ignition,215.829,file
55600,2026-07-28T15:37:57.617+00:00,10.48,rgb(192, 23, 180),ignition,201.687,file
55538,2026-07-28T15:18:48.009+00:00,80.26,rgb(192, 23, 180),mega,289.798,file
55526,2026-07-28T15:13:30.459+00:00,24.56,rgb(192, 23, 180),moonshot,238.547,file
55504,2026-07-28T15:06:51.143+00:00,19.77,rgb(192, 23, 180),ignition,229.157,file
55503,2026-07-28T15:06:03.726+00:00,12.08,rgb(192, 23, 180),ignition,207.836,file
55499,2026-07-28T15:04:18.595+00:00,102.3,rgb(192, 23, 180),cosmic,300.3,file
55471,2026-07-28T14:55:11.343+00:00,15.45,rgb(192, 23, 180),ignition,218.486,file
55464,2026-07-28T14:53:06.692+00:00,11.31,rgb(192, 23, 180),ignition,204.986,file
55460,2026-07-28T14:51:37.507+00:00,24.57,rgb(192, 23, 180),moonshot,238.565,file
55455,2026-07-28T14:49:17.865+00:00,12.39,rgb(192, 23, 180),ignition,208.933,file
55453,2026-07-28T14:48:21.442+00:00,14.19,rgb(192, 23, 180),ignition,214.804,file
55448,2026-07-28T14:46:31.838+00:00,10.13,rgb(192, 23, 180),ignition,200.217,file
55423,2026-07-28T14:38:29.740+00:00,133.28,rgb(192, 23, 180),cosmic,311.749,file
55389,2026-07-28T14:25:54.330+00:00,24.83,rgb(192, 23, 180),moonshot,239.02,file
55373,2026-07-28T14:19:23.559+00:00,14.95,rgb(192, 23, 180),ignition,217.062,file
55363,2026-07-28T14:15:51.223+00:00,27.73,rgb(192, 23, 180),moonshot,243.801,file
55353,2026-07-28T14:12:00.730+00:00,181.46,rgb(192, 23, 180),cosmic,325.105,file
55350,2026-07-28T14:10:00.690+00:00,10.8,rgb(192, 23, 180),ignition,202.989,file
55338,2026-07-28T14:06:14.321+00:00,97.3,rgb(192, 23, 180),mega,298.131,file
55333,2026-07-28T14:03:32.908+00:00,13.76,rgb(192, 23, 180),ignition,213.472,file
55320,2026-07-28T13:58:25.178+00:00,45.94,rgb(192, 23, 180),moonshot,265.65,file
55311,2026-07-28T13:54:51.349+00:00,12.76,rgb(192, 23, 180),ignition,210.207,file
55296,2026-07-28T13:49:45.343+00:00,19.13,rgb(192, 23, 180),ignition,227.733,file
55285,2026-07-28T13:46:09.834+00:00,17.53,rgb(192, 23, 180),ignition,223.953,file
55261,2026-07-28T13:37:14.364+00:00,199.83,rgb(192, 23, 180),cosmic,329.279,file
55259,2026-07-28T13:35:43.603+00:00,10.44,rgb(192, 23, 180),ignition,201.521,file
55253,2026-07-28T13:33:17.125+00:00,11.66,rgb(192, 23, 180),ignition,206.305,file
55250,2026-07-28T13:31:39.377+00:00,24.16,rgb(192, 23, 180),moonshot,237.836,file
55242,2026-07-28T13:27:58.456+00:00,18.66,rgb(192, 23, 180),ignition,226.656,file
55238,2026-07-28T13:26:13.342+00:00,31.4,rgb(192, 23, 180),moonshot,249.181,file
55197,2026-07-28T13:11:59.530+00:00,44.34,rgb(192, 23, 180),moonshot,264.116,file
55179,2026-07-28T13:05:36.135+00:00,92.23,rgb(192, 23, 180),mega,295.815,file
55174,2026-07-28T13:03:10.950+00:00,14.3,rgb(192, 23, 180),ignition,215.138,file
55152,2026-07-28T12:56:06.832+00:00,11.49,rgb(192, 23, 180),ignition,205.669,file
55142,2026-07-28T12:52:03.772+00:00,12.5,rgb(192, 23, 180),ignition,209.316,file
55124,2026-07-28T12:45:59.436+00:00,21.35,rgb(192, 23, 180),moonshot,232.485,file
55116,2026-07-28T12:42:29.304+00:00,22.38,rgb(192, 23, 180),moonshot,234.524,file
55106,2026-07-28T12:38:38.327+00:00,17.93,rgb(192, 23, 180),ignition,224.929,file
55100,2026-07-28T12:35:48.213+00:00,24.11,rgb(192, 23, 180),moonshot,237.747,file
55096,2026-07-28T12:34:19.895+00:00,13.87,rgb(192, 23, 180),ignition,213.817,file
55092,2026-07-28T12:32:08.345+00:00,18.29,rgb(192, 23, 180),ignition,225.789,file
55090,2026-07-28T12:31:02.487+00:00,19.18,rgb(192, 23, 180),ignition,227.846,file
54939,2026-07-28T12:27:00.048+00:00,28.52,rgb(192, 23, 180),moonshot,245.017,file
54931,2026-07-28T12:23:14.949+00:00,41.87,rgb(192, 23, 180),moonshot,261.635,file
54911,2026-07-28T12:15:22.094+00:00,18.33,rgb(192, 23, 180),ignition,225.884,file
54906,2026-07-28T12:13:22.894+00:00,30.94,rgb(192, 23, 180),moonshot,248.542,file
54897,2026-07-28T12:09:13.643+00:00,17.99,rgb(192, 23, 180),ignition,225.074,file
54895,2026-07-28T12:08:11.240+00:00,35.31,rgb(192, 23, 180),moonshot,254.26,file
54882,2026-07-28T12:03:27.841+00:00,33.43,rgb(192, 23, 180),moonshot,251.892,file
54862,2026-07-28T11:57:14.890+00:00,17.18,rgb(192, 23, 180),ignition,223.08,file
54859,2026-07-28T11:55:44.785+00:00,45.59,rgb(192, 23, 180),moonshot,265.319,file
54843,2026-07-28T11:49:15.150+00:00,74.82,rgb(192, 23, 180),mega,286.761,file
54820,2026-07-28T11:41:01.789+00:00,16.01,rgb(192, 23, 180),ignition,220.027,file
54805,2026-07-28T11:35:51.364+00:00,40.7,rgb(192, 23, 180),moonshot,260.409,file
54802,2026-07-28T11:33:56.730+00:00,404.77,rgb(192, 23, 180),cosmic,359.829,file
54801,2026-07-28T11:32:34.033+00:00,292.73,rgb(192, 23, 180),cosmic,345.803,file
54795,2026-07-28T11:29:24.874+00:00,10.62,rgb(192, 23, 180),ignition,202.261,file
54787,2026-07-28T11:26:58.222+00:00,11.22,rgb(192, 23, 180),ignition,204.64,file
54740,2026-07-28T11:11:21.187+00:00,19,rgb(192, 23, 180),ignition,227.438,file
54730,2026-07-28T11:07:59.872+00:00,16.47,rgb(192, 23, 180),ignition,221.253,file
54718,2026-07-28T11:03:02.520+00:00,12.17,rgb(192, 23, 180),ignition,208.158,file
54713,2026-07-28T11:01:03.488+00:00,18.78,rgb(192, 23, 180),ignition,226.934,file
54704,2026-07-28T10:55:32.208+00:00,16.58,rgb(192, 23, 180),ignition,221.541,file
54701,2026-07-28T10:53:42.684+00:00,20.71,rgb(192, 23, 180),moonshot,231.168,file
54697,2026-07-28T10:51:55.636+00:00,10.45,rgb(192, 23, 180),ignition,201.563,file
54695,2026-07-28T10:51:02.162+00:00,19.1,rgb(192, 23, 180),ignition,227.665,file
54694,2026-07-28T10:50:14.916+00:00,186.5,rgb(192, 23, 180),cosmic,326.291,file
54692,2026-07-28T10:48:36.629+00:00,30.4,rgb(192, 23, 180),moonshot,247.78,file
54679,2026-07-28T10:43:26.096+00:00,16.43,rgb(192, 23, 180),ignition,221.148,file
54667,2026-07-28T10:39:15.872+00:00,11.95,rgb(192, 23, 180),ignition,207.368,file
54656,2026-07-28T10:35:16.169+00:00,62.26,rgb(192, 23, 180),mega,278.807,file
54569,2026-07-28T10:26:13.928+00:00,16.05,rgb(192, 23, 180),ignition,220.135,file
54478,2026-07-28T10:18:33.553+00:00,12.25,rgb(192, 23, 180),ignition,208.441,file
54463,2026-07-28T10:17:12.902+00:00,3616.03,rgb(192, 23, 180),cosmic,454.606,file
54398,2026-07-28T10:11:52.395+00:00,11.18,rgb(192, 23, 180),ignition,204.485,file
54386,2026-07-28T10:10:51.703+00:00,38.58,rgb(192, 23, 180),moonshot,258.093,file
54362,2026-07-28T10:08:53.821+00:00,95.39,rgb(192, 23, 180),mega,297.273,file
54214,2026-07-28T09:57:03.734+00:00,11.8,rgb(192, 23, 180),ignition,206.821,file
54175,2026-07-28T09:53:57.014+00:00,38.78,rgb(192, 23, 180),moonshot,258.317,file
54133,2026-07-28T09:50:21.694+00:00,118.7,rgb(192, 23, 180),cosmic,306.735,file
54052,2026-07-28T09:44:01.033+00:00,17.3,rgb(192, 23, 180),ignition,223.381,file
54024,2026-07-28T09:41:48.723+00:00,107.11,rgb(192, 23, 180),cosmic,302.288,file
54011,2026-07-28T09:40:41.838+00:00,74.28,rgb(192, 23, 180),mega,286.447,file
53808,2026-07-28T09:24:18.533+00:00,25.76,rgb(192, 23, 180),moonshot,240.612,file
53741,2026-07-28T09:18:25.195+00:00,49.51,rgb(192, 23, 180),moonshot,268.889,file
53708,2026-07-28T09:15:38.254+00:00,11.3,rgb(192, 23, 180),ignition,204.948,file
53697,2026-07-28T09:14:43.555+00:00,47.79,rgb(192, 23, 180),moonshot,267.359,file
53645,2026-07-28T09:09:57.098+00:00,17.62,rgb(192, 23, 180),ignition,224.174,file
53630,2026-07-28T09:08:43.654+00:00,20.64,rgb(192, 23, 180),moonshot,231.021,file
53567,2026-07-28T09:03:26.550+00:00,111.24,rgb(192, 23, 180),cosmic,303.926,file
53548,2026-07-28T09:01:47.000+00:00,16.11,rgb(192, 23, 180),ignition,220.297,file
53531,2026-07-28T09:00:22.293+00:00,12.31,rgb(192, 23, 180),ignition,208.653,file
53486,2026-07-28T08:56:29.447+00:00,28.51,rgb(192, 23, 180),moonshot,245.002,file
53467,2026-07-28T08:54:46.145+00:00,33,rgb(192, 23, 180),moonshot,251.332,file
53448,2026-07-28T08:52:57.203+00:00,251.35,rgb(192, 23, 180),cosmic,339.207,file
53433,2026-07-28T08:51:38.929+00:00,10.39,rgb(192, 23, 180),ignition,201.314,file
53404,2026-07-28T08:49:16.494+00:00,30.3,rgb(192, 23, 180),moonshot,247.637,file
53382,2026-07-28T08:47:27.390+00:00,11.42,rgb(192, 23, 180),ignition,205.405,file
53305,2026-07-28T08:41:04.515+00:00,10.89,rgb(192, 23, 180),ignition,203.348,file
53211,2026-07-28T08:33:25.000+00:00,209.6,rgb(192, 23, 180),cosmic,331.345,file
53196,2026-07-28T08:31:55.728+00:00,100.87,rgb(192, 23, 180),cosmic,299.691,file
53144,2026-07-28T08:27:46.114+00:00,11.6,rgb(192, 23, 180),ignition,206.082,file
53048,2026-07-28T08:19:58.532+00:00,18.31,rgb(192, 23, 180),ignition,225.837,file
53003,2026-07-28T08:16:04.751+00:00,15.97,rgb(192, 23, 180),ignition,219.919,file
52862,2026-07-28T08:04:23.654+00:00,11.41,rgb(192, 23, 180),ignition,205.367,file
52855,2026-07-28T08:03:42.830+00:00,16.5,rgb(192, 23, 180),ignition,221.332,file
52782,2026-07-28T07:57:44.798+00:00,81.91,rgb(192, 23, 180),mega,290.679,file
52756,2026-07-28T07:55:25.940+00:00,25.17,rgb(192, 23, 180),moonshot,239.609,file
52728,2026-07-28T07:53:10.352+00:00,36.31,rgb(192, 23, 180),moonshot,255.469,file
52678,2026-07-28T07:49:06.287+00:00,22.82,rgb(192, 23, 180),moonshot,235.367,file
52665,2026-07-28T07:48:02.779+00:00,19.96,rgb(192, 23, 180),ignition,229.571,file
52653,2026-07-28T07:46:55.061+00:00,16.1,rgb(192, 23, 180),ignition,220.27,file
52637,2026-07-28T07:45:32.330+00:00,24.38,rgb(192, 23, 180),moonshot,238.229,file
52604,2026-07-28T07:42:56.279+00:00,13.99,rgb(192, 23, 180),ignition,214.19,file
52551,2026-07-28T07:38:42.891+00:00,12.54,rgb(192, 23, 180),ignition,209.454,file
52523,2026-07-28T07:36:23.185+00:00,105.73,rgb(192, 23, 180),cosmic,301.727,file
52468,2026-07-28T07:32:04.484+00:00,45.47,rgb(192, 23, 180),moonshot,265.205,file
52409,2026-07-28T07:27:10.573+00:00,298.55,rgb(192, 23, 180),cosmic,346.655,file
52365,2026-07-28T07:23:22.509+00:00,16.32,rgb(192, 23, 180),ignition,220.857,file
52309,2026-07-28T07:18:52.977+00:00,28.01,rgb(192, 23, 180),moonshot,244.236,file
52278,2026-07-28T07:16:30.785+00:00,27.5,rgb(192, 23, 180),moonshot,243.441,file
52248,2026-07-28T07:14:00.273+00:00,25.96,rgb(192, 23, 180),moonshot,240.947,file
52149,2026-07-28T07:06:08.115+00:00,18.61,rgb(192, 23, 180),ignition,226.54,file
52142,2026-07-28T07:05:22.646+00:00,99.51,rgb(192, 23, 180),mega,299.103,file
52109,2026-07-28T07:02:25.308+00:00,13.12,rgb(192, 23, 180),ignition,211.411,file
52031,2026-07-28T06:56:00.345+00:00,80.94,rgb(192, 23, 180),mega,290.163,file
52007,2026-07-28T06:53:57.478+00:00,26.89,rgb(192, 23, 180),moonshot,242.47,file
51950,2026-07-28T06:49:35.436+00:00,16.44,rgb(192, 23, 180),ignition,221.174,file
51825,2026-07-28T06:39:59.525+00:00,10.47,rgb(192, 23, 180),ignition,201.646,file
51759,2026-07-28T06:34:51.323+00:00,10.94,rgb(192, 23, 180),ignition,203.546,file
51706,2026-07-28T06:30:30.375+00:00,37.78,rgb(192, 23, 180),moonshot,257.187,file
51690,2026-07-28T06:29:01.684+00:00,12.27,rgb(192, 23, 180),ignition,208.512,file
51648,2026-07-28T06:25:33.998+00:00,18.42,rgb(192, 23, 180),ignition,226.096,file
51624,2026-07-28T06:23:31.017+00:00,11.13,rgb(192, 23, 180),ignition,204.291,file
51596,2026-07-28T06:21:03.200+00:00,17.99,rgb(192, 23, 180),ignition,225.074,file
51568,2026-07-28T06:18:52.415+00:00,1030.43,rgb(192, 23, 180),cosmic,400.271,file
51502,2026-07-28T06:13:13.768+00:00,15.78,rgb(192, 23, 180),ignition,219.401,file
51456,2026-07-28T06:09:37.888+00:00,11.14,rgb(192, 23, 180),ignition,204.33,file
51385,2026-07-28T06:03:54.169+00:00,14.41,rgb(192, 23, 180),ignition,215.47,file
51372,2026-07-28T06:02:54.674+00:00,138.44,rgb(192, 23, 180),cosmic,313.394,file
51347,2026-07-28T06:00:48.291+00:00,4991.86,rgb(192, 23, 180),cosmic,468.561,file
51305,2026-07-28T05:57:17.085+00:00,30.53,rgb(192, 23, 180),moonshot,247.965,file
51232,2026-07-28T05:51:18.704+00:00,11.61,rgb(192, 23, 180),ignition,206.119,file
51190,2026-07-28T05:47:59.134+00:00,16.89,rgb(192, 23, 180),ignition,222.343,file
51149,2026-07-28T05:44:27.764+00:00,36.56,rgb(192, 23, 180),moonshot,255.766,file
51119,2026-07-28T05:41:50.192+00:00,77.15,rgb(192, 23, 180),mega,288.088,file
51094,2026-07-28T05:39:44.628+00:00,24.13,rgb(192, 23, 180),moonshot,237.783,file
51059,2026-07-28T05:36:43.790+00:00,13.35,rgb(192, 23, 180),ignition,212.163,file
50987,2026-07-28T05:31:10.729+00:00,52.16,rgb(192, 23, 180),mega,271.146,file
50918,2026-07-28T05:25:30.871+00:00,44.15,rgb(192, 23, 180),moonshot,263.93,file
50803,2026-07-28T05:16:32.403+00:00,13.6,rgb(192, 23, 180),ignition,212.966,file
50779,2026-07-28T05:14:38.179+00:00,130.01,rgb(192, 23, 180),cosmic,310.674,file
50762,2026-07-28T05:13:05.385+00:00,19.59,rgb(192, 23, 180),ignition,228.761,file
50749,2026-07-28T05:11:47.245+00:00,44.78,rgb(192, 23, 180),moonshot,264.543,file
50739,2026-07-28T05:10:51.588+00:00,13.66,rgb(192, 23, 180),ignition,213.157,file
50726,2026-07-28T05:09:51.102+00:00,12.11,rgb(192, 23, 180),ignition,207.944,file
50712,2026-07-28T05:08:36.920+00:00,56.38,rgb(192, 23, 180),mega,274.513,file
50674,2026-07-28T05:05:26.971+00:00,202.58,rgb(192, 23, 180),cosmic,329.87,file
50565,2026-07-28T04:56:35.737+00:00,13.15,rgb(192, 23, 180),ignition,211.51,file
50557,2026-07-28T04:55:55.241+00:00,130.02,rgb(192, 23, 180),cosmic,310.678,file
50543,2026-07-28T04:54:33.433+00:00,31.06,rgb(192, 23, 180),moonshot,248.71,file
50456,2026-07-28T04:47:36.553+00:00,11.89,rgb(192, 23, 180),ignition,207.15,file
50433,2026-07-28T04:45:40.003+00:00,12.95,rgb(192, 23, 180),ignition,210.846,file
50276,2026-07-28T04:33:39.716+00:00,20.49,rgb(192, 23, 180),moonshot,230.705,file
50168,2026-07-28T04:24:42.286+00:00,10.42,rgb(192, 23, 180),ignition,201.439,file
50146,2026-07-28T04:22:53.922+00:00,124.42,rgb(192, 23, 180),cosmic,308.772,file
50134,2026-07-28T04:21:46.565+00:00,10.19,rgb(192, 23, 180),ignition,200.472,file
49996,2026-07-28T04:11:12.521+00:00,80.49,rgb(192, 23, 180),mega,289.922,file
49972,2026-07-28T04:09:17.562+00:00,42413.72,rgb(192, 23, 180),cosmic,561.167,file
49805,2026-07-28T03:55:33.655+00:00,12.75,rgb(192, 23, 180),ignition,210.173,file
49729,2026-07-28T03:49:25.311+00:00,16.73,rgb(192, 23, 180),ignition,221.931,file
49700,2026-07-28T03:46:56.530+00:00,17.73,rgb(192, 23, 180),ignition,224.444,file
49661,2026-07-28T03:43:47.126+00:00,12.36,rgb(192, 23, 180),ignition,208.828,file
49647,2026-07-28T03:42:41.516+00:00,12.76,rgb(192, 23, 180),ignition,210.207,file
49610,2026-07-28T03:39:33.997+00:00,32.01,rgb(192, 23, 180),moonshot,250.014,file
49540,2026-07-28T03:34:16.775+00:00,12.6,rgb(192, 23, 180),ignition,209.661,file
49506,2026-07-28T03:31:36.538+00:00,110.8,rgb(192, 23, 180),cosmic,303.754,file
49494,2026-07-28T03:30:29.797+00:00,19.63,rgb(192, 23, 180),ignition,228.85,file
49458,2026-07-28T03:27:27.189+00:00,10.13,rgb(192, 23, 180),ignition,200.217,file
49450,2026-07-28T03:26:49.624+00:00,40.44,rgb(192, 23, 180),moonshot,260.131,file
49432,2026-07-28T03:25:20.581+00:00,16.19,rgb(192, 23, 180),ignition,220.511,file
49361,2026-07-28T03:19:44.876+00:00,13.39,rgb(192, 23, 180),ignition,212.293,file
49289,2026-07-28T03:13:57.394+00:00,330.33,rgb(192, 23, 180),cosmic,351.033,file
49233,2026-07-28T03:09:22.015+00:00,34.51,rgb(192, 23, 180),moonshot,253.268,file
49193,2026-07-28T03:06:07.219+00:00,14.33,rgb(192, 23, 180),ignition,215.229,file
49106,2026-07-28T02:59:03.880+00:00,66.79,rgb(192, 23, 180),mega,281.847,file
49017,2026-07-28T02:52:01.704+00:00,10.84,rgb(192, 23, 180),ignition,203.149,file
49002,2026-07-28T02:51:00.118+00:00,479.56,rgb(192, 23, 180),cosmic,367.167,file
48988,2026-07-28T02:49:36.028+00:00,110.72,rgb(192, 23, 180),cosmic,303.723,file
48950,2026-07-28T02:46:25.931+00:00,11.34,rgb(192, 23, 180),ignition,205.1,file
48903,2026-07-28T02:42:46.489+00:00,12.76,rgb(192, 23, 180),ignition,210.207,file
48887,2026-07-28T02:41:25.307+00:00,19.96,rgb(192, 23, 180),ignition,229.571,file
48832,2026-07-28T02:37:01.899+00:00,16.1,rgb(192, 23, 180),ignition,220.27,file
48736,2026-07-28T02:29:27.105+00:00,14.66,rgb(192, 23, 180),ignition,216.214,file
48715,2026-07-28T02:27:38.602+00:00,12.93,rgb(192, 23, 180),ignition,210.78,file
48708,2026-07-28T02:26:57.981+00:00,11.19,rgb(192, 23, 180),ignition,204.524,file
48659,2026-07-28T02:22:56.638+00:00,28.08,rgb(192, 23, 180),moonshot,244.344,file
48626,2026-07-28T02:20:15.573+00:00,14.37,rgb(192, 23, 180),ignition,215.35,file
48585,2026-07-28T02:16:46.753+00:00,61.02,rgb(192, 23, 180),mega,277.936,file
48550,2026-07-28T02:13:52.678+00:00,10.77,rgb(192, 23, 180),ignition,202.868,file
48515,2026-07-28T02:10:53.195+00:00,32.65,rgb(192, 23, 180),moonshot,250.87,file
48502,2026-07-28T02:09:45.500+00:00,17.61,rgb(192, 23, 180),ignition,224.15,file
48477,2026-07-28T02:07:33.220+00:00,13.09,rgb(192, 23, 180),ignition,211.312,file
48463,2026-07-28T02:06:21.058+00:00,12.56,rgb(192, 23, 180),ignition,209.523,file
48375,2026-07-28T01:59:28.390+00:00,12.66,rgb(192, 23, 180),ignition,209.866,file
48363,2026-07-28T01:58:27.830+00:00,22.11,rgb(192, 23, 180),moonshot,233.999,file
48274,2026-07-28T01:51:01.294+00:00,11.94,rgb(192, 23, 180),ignition,207.332,file
48238,2026-07-28T01:48:04.225+00:00,30.53,rgb(192, 23, 180),moonshot,247.965,file
48194,2026-07-28T01:44:37.585+00:00,11.42,rgb(192, 23, 180),ignition,205.405,file
48158,2026-07-28T01:41:43.128+00:00,11.72,rgb(192, 23, 180),ignition,206.527,file
48151,2026-07-28T01:41:03.864+00:00,12.12,rgb(192, 23, 180),ignition,207.98,file
48085,2026-07-28T01:35:43.543+00:00,18.49,rgb(192, 23, 180),ignition,226.26,file
47903,2026-07-28T01:21:05.186+00:00,16.51,rgb(192, 23, 180),ignition,221.358,file
47896,2026-07-28T01:20:21.684+00:00,10.4,rgb(192, 23, 180),ignition,201.355,file
47882,2026-07-28T01:19:11.761+00:00,10.43,rgb(192, 23, 180),ignition,201.48,file
47853,2026-07-28T01:16:54.504+00:00,19.41,rgb(192, 23, 180),ignition,228.362,file
47794,2026-07-28T01:12:24.276+00:00,14.61,rgb(192, 23, 180),ignition,216.067,file
47707,2026-07-28T01:05:21.434+00:00,16.66,rgb(192, 23, 180),ignition,221.749,file
47694,2026-07-28T01:04:05.646+00:00,20.18,rgb(192, 23, 180),moonshot,230.046,file
47575,2026-07-28T00:54:47.237+00:00,89.66,rgb(192, 23, 180),mega,294.592,file
47482,2026-07-28T00:47:17.827+00:00,10.19,rgb(192, 23, 180),ignition,200.472,file
47446,2026-07-28T00:44:26.916+00:00,84.12,rgb(192, 23, 180),mega,291.831,file
47433,2026-07-28T00:43:10.962+00:00,10.21,rgb(192, 23, 180),ignition,200.557,file
47415,2026-07-28T00:41:31.919+00:00,179.57,rgb(192, 23, 180),cosmic,324.652,file
47326,2026-07-28T00:34:08.883+00:00,18.01,rgb(192, 23, 180),ignition,225.122,file
47291,2026-07-28T00:31:11.928+00:00,71.11,rgb(192, 23, 180),mega,284.559,file
47257,2026-07-28T00:28:22.780+00:00,18.39,rgb(192, 23, 180),ignition,226.025,file
47227,2026-07-28T00:25:55.030+00:00,47.28,rgb(192, 23, 180),moonshot,266.895,file
47159,2026-07-28T00:20:22.178+00:00,28.47,rgb(192, 23, 180),moonshot,244.941,file
47038,2026-07-28T00:11:08.153+00:00,1921.5,rgb(192, 23, 180),cosmic,427.241,file
46918,2026-07-28T00:01:16.218+00:00,33.02,rgb(192, 23, 180),moonshot,251.358,file
46895,2026-07-27T23:59:18.823+00:00,51.13,rgb(192, 23, 180),mega,270.283,file
46813,2026-07-27T23:52:32.278+00:00,47.09,rgb(192, 23, 180),moonshot,266.72,file
46748,2026-07-27T23:47:06.735+00:00,12.33,rgb(192, 23, 180),ignition,208.723,file
46736,2026-07-27T23:46:14.025+00:00,59.65,rgb(192, 23, 180),mega,276.954,file
46650,2026-07-27T23:38:56.124+00:00,18.33,rgb(192, 23, 180),ignition,225.884,file
46565,2026-07-27T23:32:05.207+00:00,36.47,rgb(192, 23, 180),moonshot,255.659,file
46522,2026-07-27T23:28:32.818+00:00,12.42,rgb(192, 23, 180),ignition,209.038,file
46498,2026-07-27T23:26:32.671+00:00,13.51,rgb(192, 23, 180),ignition,212.679,file
46490,2026-07-27T23:25:48.973+00:00,1578.03,rgb(192, 23, 180),cosmic,418.717,file
46473,2026-07-27T23:24:08.652+00:00,11.51,rgb(192, 23, 180),ignition,205.744,file
46454,2026-07-27T23:22:28.373+00:00,61.8,rgb(192, 23, 180),mega,278.486,file
46401,2026-07-27T23:17:53.461+00:00,14.33,rgb(192, 23, 180),ignition,215.229,file
46394,2026-07-27T23:17:12.235+00:00,31.48,rgb(192, 23, 180),moonshot,249.291,file
46337,2026-07-27T23:12:34.337+00:00,24.7,rgb(192, 23, 180),moonshot,238.793,file
46219,2026-07-27T23:03:27.460+00:00,21.26,rgb(192, 23, 180),moonshot,232.302,file
46210,2026-07-27T23:02:37.874+00:00,13.18,rgb(192, 23, 180),ignition,211.608,file
46187,2026-07-27T23:00:36.892+00:00,18.67,rgb(192, 23, 180),ignition,226.68,file
46168,2026-07-27T22:59:01.499+00:00,14.34,rgb(192, 23, 180),ignition,215.259,file
45951,2026-07-27T22:41:01.834+00:00,39.96,rgb(192, 23, 180),moonshot,259.615,file
45917,2026-07-27T22:38:04.543+00:00,53.48,rgb(192, 23, 180),mega,272.228,file
45888,2026-07-27T22:35:37.916+00:00,373.87,rgb(192, 23, 180),cosmic,356.392,file
45847,2026-07-27T22:32:03.815+00:00,124.1,rgb(192, 23, 180),cosmic,308.661,file
45784,2026-07-27T22:26:46.791+00:00,182.58,rgb(192, 23, 180),cosmic,325.372,file
45723,2026-07-27T22:21:42.090+00:00,22.76,rgb(192, 23, 180),moonshot,235.253,file
45683,2026-07-27T22:18:16.189+00:00,496.85,rgb(192, 23, 180),cosmic,368.7,file
45659,2026-07-27T22:16:00.876+00:00,64.68,rgb(192, 23, 180),mega,280.457,file
45600,2026-07-27T22:11:04.943+00:00,13.92,rgb(192, 23, 180),ignition,213.973,file
45564,2026-07-27T22:08:15.921+00:00,63.57,rgb(192, 23, 180),mega,279.708,file
45546,2026-07-27T22:06:27.021+00:00,25.55,rgb(192, 23, 180),moonshot,240.258,file
45416,2026-07-27T21:55:55.440+00:00,31.05,rgb(192, 23, 180),moonshot,248.696,file
45415,2026-07-27T21:55:03.784+00:00,27.38,rgb(192, 23, 180),moonshot,243.252,file
45413,2026-07-27T21:53:57.407+00:00,71.49,rgb(192, 23, 180),mega,284.79,file
45351,2026-07-27T21:50:52.457+00:00,27.01,rgb(192, 23, 180),moonshot,242.663,file
45339,2026-07-27T21:49:48.319+00:00,11.99,rgb(192, 23, 180),ignition,207.513,file
45220,2026-07-27T21:40:46.352+00:00,65.89,rgb(192, 23, 180),mega,281.26,file
45198,2026-07-27T21:38:51.495+00:00,11.28,rgb(192, 23, 180),ignition,204.871,file
45191,2026-07-27T21:38:11.747+00:00,13.21,rgb(192, 23, 180),ignition,211.707,file
45103,2026-07-27T21:31:08.371+00:00,20.29,rgb(192, 23, 180),moonshot,230.281,file
45044,2026-07-27T21:26:19.107+00:00,16.84,rgb(192, 23, 180),ignition,222.215,file
45024,2026-07-27T21:24:44.896+00:00,17.17,rgb(192, 23, 180),ignition,223.055,file
44913,2026-07-27T21:15:43.701+00:00,22.38,rgb(192, 23, 180),moonshot,234.524,file
44862,2026-07-27T21:11:30.947+00:00,11.92,rgb(192, 23, 180),ignition,207.259,file
44745,2026-07-27T21:02:00.718+00:00,20.87,rgb(192, 23, 180),moonshot,231.501,file
44675,2026-07-27T20:56:19.097+00:00,11.13,rgb(192, 23, 180),ignition,204.291,file
44605,2026-07-27T20:50:14.385+00:00,137.64,rgb(192, 23, 180),cosmic,313.143,file
44595,2026-07-27T20:49:02.359+00:00,38.85,rgb(192, 23, 180),moonshot,258.395,file
44549,2026-07-27T20:45:27.469+00:00,46.35,rgb(192, 23, 180),moonshot,266.035,file
44482,2026-07-27T20:40:05.308+00:00,69.95,rgb(192, 23, 180),mega,283.848,file
44378,2026-07-27T20:31:59.567+00:00,45.22,rgb(192, 23, 180),moonshot,264.967,file
44312,2026-07-27T20:26:44.957+00:00,11.93,rgb(192, 23, 180),ignition,207.296,file
44251,2026-07-27T20:21:18.605+00:00,23.52,rgb(192, 23, 180),moonshot,236.674,file
44233,2026-07-27T13:16:05.880+00:00,42.05,rgb(192, 23, 180),moonshot,261.821,file
44230,2026-07-27T13:14:32.776+00:00,25.71,rgb(192, 23, 180),moonshot,240.528,file
44209,2026-07-27T13:06:35.308+00:00,51.24,rgb(192, 23, 180),mega,270.376,file
44208,2026-07-27T13:05:35.371+00:00,21.97,rgb(192, 23, 180),moonshot,233.724,file
44207,2026-07-27T13:04:45.863+00:00,11.6,rgb(192, 23, 180),ignition,206.082,file
44192,2026-07-27T12:58:47.835+00:00,36.3,rgb(192, 23, 180),moonshot,255.457,file
44190,2026-07-27T12:57:34.489+00:00,17.11,rgb(192, 23, 180),ignition,222.903,file
44185,2026-07-27T12:55:43.730+00:00,12.36,rgb(192, 23, 180),ignition,208.828,file
44184,2026-07-27T12:54:59.062+00:00,1765.4,rgb(192, 23, 180),cosmic,423.573,file
44176,2026-07-27T12:50:27.489+00:00,20.1,rgb(192, 23, 180),moonshot,229.874,file
44172,2026-07-27T12:48:52.986+00:00,1219.94,rgb(192, 23, 180),cosmic,407.578,file
44166,2026-07-27T12:45:49.823+00:00,13.84,rgb(192, 23, 180),ignition,213.723,file
44138,2026-07-27T12:35:33.505+00:00,20.38,rgb(192, 23, 180),moonshot,230.472,file
44123,2026-07-27T12:30:24.680+00:00,18.99,rgb(192, 23, 180),ignition,227.415,file
44122,2026-07-27T12:29:38.261+00:00,19.53,rgb(192, 23, 180),ignition,228.629,file
44118,2026-07-27T12:27:57.355+00:00,10.5,rgb(192, 23, 180),ignition,201.77,file
44099,2026-07-27T12:21:27.947+00:00,12.49,rgb(192, 23, 180),ignition,209.281,file
44098,2026-07-27T12:20:44.905+00:00,14.14,rgb(192, 23, 180),ignition,214.651,file
44088,2026-07-27T12:16:05.813+00:00,32.4,rgb(192, 23, 180),moonshot,250.538,file
44085,2026-07-27T12:14:37.121+00:00,16.89,rgb(192, 23, 180),ignition,222.343,file
44078,2026-07-27T12:11:43.444+00:00,11.42,rgb(192, 23, 180),ignition,205.405,file
44067,2026-07-27T12:08:04.524+00:00,38.72,rgb(192, 23, 180),moonshot,258.25,file
44056,2026-07-27T12:03:58.948+00:00,10.42,rgb(192, 23, 180),ignition,201.439,file
44045,2026-07-27T12:00:01.343+00:00,10.16,rgb(192, 23, 180),ignition,200.345,file
44021,2026-07-27T11:52:16.107+00:00,119.62,rgb(192, 23, 180),cosmic,307.069,file
43986,2026-07-27T11:38:28.380+00:00,14.84,rgb(192, 23, 180),ignition,216.743,file
43984,2026-07-27T11:37:24.503+00:00,11.7,rgb(192, 23, 180),ignition,206.453,file
43981,2026-07-27T11:36:01.172+00:00,49.45,rgb(192, 23, 180),moonshot,268.837,file
43972,2026-07-27T11:32:54.898+00:00,58.05,rgb(192, 23, 180),mega,275.777,file
43971,2026-07-27T11:31:54.609+00:00,16.62,rgb(192, 23, 180),ignition,221.645,file
43968,2026-07-27T11:30:42.439+00:00,76.04,rgb(192, 23, 180),mega,287.461,file
43966,2026-07-27T11:29:12.816+00:00,17.48,rgb(192, 23, 180),ignition,223.829,file
43953,2026-07-27T11:24:28.329+00:00,25.05,rgb(192, 23, 180),moonshot,239.402,file
43942,2026-07-27T11:20:09.790+00:00,92.4,rgb(192, 23, 180),mega,295.895,file
43925,2026-07-27T11:13:15.639+00:00,14.06,rgb(192, 23, 180),ignition,214.406,file
43915,2026-07-27T11:09:35.015+00:00,10.95,rgb(192, 23, 180),ignition,203.586,file
43912,2026-07-27T11:08:20.586+00:00,22.95,rgb(192, 23, 180),moonshot,235.613,file
43889,2026-07-27T11:00:25.312+00:00,10.7,rgb(192, 23, 180),ignition,202.586,file
43873,2026-07-27T10:54:41.833+00:00,11.85,rgb(192, 23, 180),ignition,207.004,file
43871,2026-07-27T10:53:32.826+00:00,12.19,rgb(192, 23, 180),ignition,208.229,file
43825,2026-07-27T10:37:46.737+00:00,22.72,rgb(192, 23, 180),moonshot,235.177,file
43808,2026-07-27T10:32:06.716+00:00,14.05,rgb(192, 23, 180),ignition,214.375,file
43798,2026-07-27T10:28:04.676+00:00,171.08,rgb(192, 23, 180),cosmic,322.556,file
43790,2026-07-27T10:25:09.304+00:00,21.64,rgb(192, 23, 180),moonshot,233.069,file
43787,2026-07-27T10:23:30.841+00:00,93.42,rgb(192, 23, 180),mega,296.37,file
43762,2026-07-27T10:15:53.515+00:00,10.21,rgb(192, 23, 180),ignition,200.557,file
43740,2026-07-27T10:07:54.865+00:00,33.54,rgb(192, 23, 180),moonshot,252.034,file
43711,2026-07-27T09:57:10.453+00:00,42.08,rgb(192, 23, 180),moonshot,261.852,file
43698,2026-07-27T09:52:08.334+00:00,11.18,rgb(192, 23, 180),ignition,204.485,file
43694,2026-07-27T09:50:27.467+00:00,23.65,rgb(192, 23, 180),moonshot,236.913,file
43690,2026-07-27T09:48:43.049+00:00,13.51,rgb(192, 23, 180),ignition,212.679,file
43683,2026-07-27T09:45:52.142+00:00,18.77,rgb(192, 23, 180),ignition,226.911,file
43680,2026-07-27T09:44:16.521+00:00,55.71,rgb(192, 23, 180),mega,273.996,file
43671,2026-07-27T09:39:58.521+00:00,32.68,rgb(192, 23, 180),moonshot,250.91,file
43665,2026-07-27T09:37:14.846+00:00,15.81,rgb(192, 23, 180),ignition,219.483,file
43661,2026-07-27T09:35:20.782+00:00,13.17,rgb(192, 23, 180),ignition,211.576,file
43655,2026-07-27T09:33:26.145+00:00,10.29,rgb(192, 23, 180),ignition,200.895,file
43649,2026-07-27T09:30:42.688+00:00,17.57,rgb(192, 23, 180),ignition,224.051,file
43646,2026-07-27T09:29:29.277+00:00,11.8,rgb(192, 23, 180),ignition,206.821,file
43642,2026-07-27T09:28:03.359+00:00,263.85,rgb(192, 23, 180),cosmic,341.307,file
43638,2026-07-27T09:25:15.906+00:00,10.68,rgb(192, 23, 180),ignition,202.505,file
43634,2026-07-27T09:23:08.181+00:00,14.7,rgb(192, 23, 180),ignition,216.332,file
43627,2026-07-27T09:20:16.315+00:00,187.39,rgb(192, 23, 180),cosmic,326.497,file
43623,2026-07-27T09:18:16.937+00:00,35.3,rgb(192, 23, 180),moonshot,254.248,file
43618,2026-07-27T09:16:16.786+00:00,26.33,rgb(192, 23, 180),moonshot,241.559,file
43574,2026-07-27T09:01:35.180+00:00,59.75,rgb(192, 23, 180),mega,277.026,file
43569,2026-07-27T08:58:50.812+00:00,15.68,rgb(192, 23, 180),ignition,219.126,file
43554,2026-07-27T08:52:58.527+00:00,33.25,rgb(192, 23, 180),moonshot,251.658,file
43550,2026-07-27T08:50:58.814+00:00,141.06,rgb(192, 23, 180),cosmic,314.205,file
43531,2026-07-27T08:43:32.335+00:00,10.44,rgb(192, 23, 180),ignition,201.521,file
43527,2026-07-27T08:41:42.170+00:00,14.36,rgb(192, 23, 180),ignition,215.32,file
43502,2026-07-27T08:34:41.246+00:00,18.32,rgb(192, 23, 180),ignition,225.86,file
43496,2026-07-27T08:32:41.461+00:00,49.08,rgb(192, 23, 180),moonshot,268.512,file
43492,2026-07-27T08:30:58.578+00:00,76.73,rgb(192, 23, 180),mega,287.852,file
43477,2026-07-27T08:26:14.257+00:00,22.68,rgb(192, 23, 180),moonshot,235.1,file
43472,2026-07-27T08:23:47.064+00:00,225.24,rgb(192, 23, 180),cosmic,334.46,file
43470,2026-07-27T08:22:18.064+00:00,11.11,rgb(192, 23, 180),ignition,204.214,file
43461,2026-07-27T08:18:18.237+00:00,12.42,rgb(192, 23, 180),ignition,209.038,file
43453,2026-07-27T08:15:14.052+00:00,39.75,rgb(192, 23, 180),moonshot,259.386,file
43432,2026-07-27T08:09:02.460+00:00,39.73,rgb(192, 23, 180),moonshot,259.365,file
43426,2026-07-27T08:06:27.399+00:00,15.84,rgb(192, 23, 180),ignition,219.565,file
43425,2026-07-27T08:05:44.354+00:00,11.29,rgb(192, 23, 180),ignition,204.909,file
43403,2026-07-27T07:59:22.036+00:00,10.14,rgb(192, 23, 180),ignition,200.26,file
43361,2026-07-27T07:45:39.764+00:00,12.76,rgb(192, 23, 180),ignition,210.207,file
43352,2026-07-27T07:42:41.474+00:00,10.95,rgb(192, 23, 180),ignition,203.586,file
43351,2026-07-27T07:41:52.087+00:00,23.7,rgb(192, 23, 180),moonshot,237.004,file
43349,2026-07-27T07:40:47.474+00:00,80.14,rgb(192, 23, 180),mega,289.734,file
43344,2026-07-27T07:38:04.835+00:00,10.16,rgb(192, 23, 180),ignition,200.345,file
43327,2026-07-27T07:31:21.141+00:00,33.81,rgb(192, 23, 180),moonshot,252.381,file
43326,2026-07-27T07:30:27.712+00:00,85.86,rgb(192, 23, 180),mega,292.717,file
43322,2026-07-27T07:28:48.928+00:00,97.28,rgb(192, 23, 180),mega,298.122,file
43310,2026-07-27T07:23:48.459+00:00,18.34,rgb(192, 23, 180),ignition,225.908,file
43305,2026-07-27T07:21:56.341+00:00,102.97,rgb(192, 23, 180),cosmic,300.582,file
43294,2026-07-27T07:17:57.273+00:00,9057.6,rgb(192, 23, 180),cosmic,494.347,file
43285,2026-07-27T07:13:12.644+00:00,22.66,rgb(192, 23, 180),moonshot,235.062,file
43279,2026-07-27T07:11:04.855+00:00,20.57,rgb(192, 23, 180),moonshot,230.874,file
43277,2026-07-27T07:09:57.107+00:00,13.19,rgb(192, 23, 180),ignition,211.641,file
43271,2026-07-27T07:07:38.310+00:00,17.19,rgb(192, 23, 180),ignition,223.105,file
43267,2026-07-27T07:06:16.694+00:00,15.61,rgb(192, 23, 180),ignition,218.932,file
43239,2026-07-27T06:57:05.935+00:00,14.03,rgb(192, 23, 180),ignition,214.313,file
43219,2026-07-27T06:50:20.244+00:00,10.25,rgb(192, 23, 180),ignition,200.727,file
43218,2026-07-27T06:49:40.866+00:00,27.5,rgb(192, 23, 180),moonshot,243.441,file
43216,2026-07-27T06:48:34.503+00:00,14.37,rgb(192, 23, 180),ignition,215.35,file
43208,2026-07-27T06:45:41.798+00:00,12.33,rgb(192, 23, 180),ignition,208.723,file
43207,2026-07-27T06:45:00.537+00:00,19.55,rgb(192, 23, 180),ignition,228.673,file
43195,2026-07-27T06:40:59.695+00:00,14.73,rgb(192, 23, 180),ignition,216.421,file
43187,2026-07-27T06:38:14.607+00:00,13.58,rgb(192, 23, 180),ignition,212.902,file
43179,2026-07-27T06:35:12.909+00:00,15.21,rgb(192, 23, 180),ignition,217.808,file
43178,2026-07-27T06:34:29.525+00:00,271.64,rgb(192, 23, 180),cosmic,342.567,file
43161,2026-07-27T06:28:02.607+00:00,33.43,rgb(192, 23, 180),moonshot,251.892,file
43154,2026-07-27T06:25:04.839+00:00,16.37,rgb(192, 23, 180),ignition,220.989,file
43150,2026-07-27T06:23:08.777+00:00,29.31,rgb(192, 23, 180),moonshot,246.2,file
43149,2026-07-27T06:22:18.358+00:00,71.2,rgb(192, 23, 180),mega,284.614,file
43135,2026-07-27T06:16:44.503+00:00,10.3,rgb(192, 23, 180),ignition,200.937,file
43118,2026-07-27T06:11:55.708+00:00,13.43,rgb(192, 23, 180),ignition,212.422,file
43111,2026-07-27T06:09:16.600+00:00,21.12,rgb(192, 23, 180),moonshot,232.016,file
43080,2026-07-27T05:59:35.701+00:00,23.47,rgb(192, 23, 180),moonshot,236.582,file
43079,2026-07-27T05:58:47.269+00:00,53.26,rgb(192, 23, 180),mega,272.049,file
43064,2026-07-27T05:53:08.492+00:00,11.02,rgb(192, 23, 180),ignition,203.862,file
43062,2026-07-27T05:52:15.275+00:00,18.38,rgb(192, 23, 180),ignition,226.002,file
43047,2026-07-27T05:46:59.171+00:00,18.04,rgb(192, 23, 180),ignition,225.194,file
43044,2026-07-27T05:45:38.543+00:00,236.16,rgb(192, 23, 180),cosmic,336.509,file
43043,2026-07-27T05:44:21.927+00:00,47.61,rgb(192, 23, 180),moonshot,267.196,file
43038,2026-07-27T05:41:50.325+00:00,20.07,rgb(192, 23, 180),moonshot,229.809,file
43028,2026-07-27T05:37:50.586+00:00,38.93,rgb(192, 23, 180),moonshot,258.484,file
43025,2026-07-27T05:36:24.903+00:00,15.91,rgb(192, 23, 180),ignition,219.756,file
43016,2026-07-27T05:33:03.766+00:00,60.88,rgb(192, 23, 180),mega,277.837,file
43012,2026-07-27T05:30:58.648+00:00,12.62,rgb(192, 23, 180),ignition,209.729,file
42995,2026-07-27T05:25:23.460+00:00,130.45,rgb(192, 23, 180),cosmic,310.821,file
42986,2026-07-27T05:21:34.839+00:00,80.36,rgb(192, 23, 180),mega,289.852,file
42978,2026-07-27T05:18:09.148+00:00,61.79,rgb(192, 23, 180),mega,278.479,file
42966,2026-07-27T05:14:35.315+00:00,24.3,rgb(192, 23, 180),moonshot,238.087,file
42959,2026-07-27T05:11:42.715+00:00,31805.47,rgb(192, 23, 180),cosmic,548.71,file
42934,2026-07-27T05:01:37.109+00:00,306.57,rgb(192, 23, 180),cosmic,347.802,file
42917,2026-07-27T04:55:51.022+00:00,106.19,rgb(192, 23, 180),cosmic,301.915,file
42904,2026-07-27T04:50:32.653+00:00,19.06,rgb(192, 23, 180),ignition,227.574,file
42903,2026-07-27T04:49:47.820+00:00,15.03,rgb(192, 23, 180),ignition,217.293,file
42889,2026-07-27T04:45:40.280+00:00,41.34,rgb(192, 23, 180),moonshot,261.084,file
42869,2026-07-27T04:39:23.396+00:00,317.99,rgb(192, 23, 180),cosmic,349.385,file
42868,2026-07-27T04:38:04.741+00:00,33.98,rgb(192, 23, 180),moonshot,252.598,file
42866,2026-07-27T04:36:58.802+00:00,30.4,rgb(192, 23, 180),moonshot,247.78,file
42846,2026-07-27T04:29:43.660+00:00,17.33,rgb(192, 23, 180),ignition,223.456,file
42843,2026-07-27T04:28:12.013+00:00,21.34,rgb(192, 23, 180),moonshot,232.465,file
42837,2026-07-27T04:26:26.982+00:00,12.95,rgb(192, 23, 180),ignition,210.846,file
42835,2026-07-27T04:25:21.534+00:00,21.94,rgb(192, 23, 180),moonshot,233.665,file
42819,2026-07-27T04:20:03.221+00:00,184.06,rgb(192, 23, 180),cosmic,325.721,file
42817,2026-07-27T04:18:22.485+00:00,28.51,rgb(192, 23, 180),moonshot,245.002,file
42815,2026-07-27T04:17:03.196+00:00,46,rgb(192, 23, 180),moonshot,265.707,file
42796,2026-07-27T04:11:09.511+00:00,36.44,rgb(192, 23, 180),moonshot,255.624,file
42785,2026-07-27T04:07:13.463+00:00,11.18,rgb(192, 23, 180),ignition,204.485,file
42773,2026-07-27T04:03:15.220+00:00,14.33,rgb(192, 23, 180),ignition,215.229,file
42767,2026-07-27T04:01:20.254+00:00,168.32,rgb(192, 23, 180),cosmic,321.852,file
42760,2026-07-27T03:58:25.588+00:00,16.07,rgb(192, 23, 180),ignition,220.189,file
42732,2026-07-27T03:48:58.674+00:00,73.8,rgb(192, 23, 180),mega,286.166,file
42713,2026-07-27T03:42:32.308+00:00,19.65,rgb(192, 23, 180),ignition,228.894,file
42712,2026-07-27T03:41:46.868+00:00,39.21,rgb(192, 23, 180),moonshot,258.794,file
42691,2026-07-27T03:34:44.836+00:00,14.81,rgb(192, 23, 180),ignition,216.655,file
42683,2026-07-27T03:31:42.186+00:00,27.79,rgb(192, 23, 180),moonshot,243.895,file
42676,2026-07-27T03:29:34.718+00:00,21.15,rgb(192, 23, 180),moonshot,232.078,file
42652,2026-07-27T03:21:34.965+00:00,472.23,rgb(192, 23, 180),cosmic,366.5,file
42645,2026-07-27T03:18:13.516+00:00,12.41,rgb(192, 23, 180),ignition,209.003,file
42633,2026-07-27T03:14:57.875+00:00,10.36,rgb(192, 23, 180),ignition,201.189,file
42623,2026-07-27T03:11:48.631+00:00,65.83,rgb(192, 23, 180),mega,281.22,file
42581,2026-07-27T02:59:49.743+00:00,76.22,rgb(192, 23, 180),mega,287.563,file
42558,2026-07-27T02:52:59.535+00:00,148.64,rgb(192, 23, 180),cosmic,316.47,file
42552,2026-07-27T02:50:33.810+00:00,48.22,rgb(192, 23, 180),moonshot,267.747,file
42531,2026-07-27T02:42:59.003+00:00,10.05,rgb(192, 23, 180),ignition,199.874,file
42529,2026-07-27T02:42:20.919+00:00,39.64,rgb(192, 23, 180),moonshot,259.267,file
42518,2026-07-27T02:38:31.887+00:00,10.66,rgb(192, 23, 180),ignition,202.424,file
42496,2026-07-27T02:30:57.383+00:00,14.75,rgb(192, 23, 180),ignition,216.479,file
42495,2026-07-27T02:30:15.134+00:00,12.75,rgb(192, 23, 180),ignition,210.173,file
42488,2026-07-27T02:27:57.194+00:00,10.72,rgb(192, 23, 180),ignition,202.667,file
42471,2026-07-27T02:23:18.915+00:00,23.52,rgb(192, 23, 180),moonshot,236.674,file
42469,2026-07-27T02:22:16.415+00:00,63.51,rgb(192, 23, 180),mega,279.667,file
42463,2026-07-27T02:19:14.093+00:00,15.25,rgb(192, 23, 180),ignition,217.922,file
42460,2026-07-27T02:17:54.513+00:00,31.82,rgb(192, 23, 180),moonshot,249.756,file
42448,2026-07-27T02:13:48.548+00:00,14.81,rgb(192, 23, 180),ignition,216.655,file
42447,2026-07-27T02:13:05.117+00:00,12.39,rgb(192, 23, 180),ignition,208.933,file
42437,2026-07-27T02:09:24.691+00:00,13.6,rgb(192, 23, 180),ignition,212.966,file
42433,2026-07-27T02:07:45.500+00:00,16.35,rgb(192, 23, 180),ignition,220.937,file
42431,2026-07-27T02:06:27.199+00:00,11.02,rgb(192, 23, 180),ignition,203.862,file
42423,2026-07-27T02:03:31.533+00:00,41.77,rgb(192, 23, 180),moonshot,261.532,file
42420,2026-07-27T02:02:11.005+00:00,30.39,rgb(192, 23, 180),moonshot,247.766,file
42408,2026-07-27T01:58:13.374+00:00,19.29,rgb(192, 23, 180),ignition,228.093,file
42407,2026-07-27T01:57:29.050+00:00,126.56,rgb(192, 23, 180),cosmic,309.51,file
42394,2026-07-27T01:52:49.092+00:00,82.17,rgb(192, 23, 180),mega,290.816,file
42387,2026-07-27T01:50:17.873+00:00,47.83,rgb(192, 23, 180),moonshot,267.395,file
42383,2026-07-27T01:48:36.902+00:00,11.47,rgb(192, 23, 180),ignition,205.594,file
42381,2026-07-27T01:47:43.662+00:00,27.6,rgb(192, 23, 180),moonshot,243.598,file
42370,2026-07-27T01:43:06.309+00:00,74.61,rgb(192, 23, 180),mega,286.639,file
42358,2026-07-27T01:38:13.035+00:00,127.24,rgb(192, 23, 180),cosmic,309.742,file
42329,2026-07-27T01:28:54.437+00:00,14.13,rgb(192, 23, 180),ignition,214.621,file
42318,2026-07-27T01:24:47.538+00:00,30.45,rgb(192, 23, 180),moonshot,247.851,file
42311,2026-07-27T01:21:55.359+00:00,14.75,rgb(192, 23, 180),ignition,216.479,file
42308,2026-07-27T01:20:53.839+00:00,11.3,rgb(192, 23, 180),ignition,204.948,file
42302,2026-07-27T01:18:56.890+00:00,24.3,rgb(192, 23, 180),moonshot,238.087,file
42278,2026-07-27T01:11:03.722+00:00,20.27,rgb(192, 23, 180),moonshot,230.238,file
42270,2026-07-27T01:08:13.010+00:00,12.98,rgb(192, 23, 180),ignition,210.947,file
42264,2026-07-27T01:05:57.082+00:00,10.71,rgb(192, 23, 180),ignition,202.627,file
42263,2026-07-27T01:05:17.888+00:00,11.26,rgb(192, 23, 180),ignition,204.794,file
42247,2026-07-27T00:59:37.092+00:00,18.62,rgb(192, 23, 180),ignition,226.563,file
42238,2026-07-27T00:56:19.605+00:00,12.03,rgb(192, 23, 180),ignition,207.657,file
42232,2026-07-27T00:54:11.499+00:00,20.19,rgb(192, 23, 180),moonshot,230.067,file
42220,2026-07-27T00:50:28.206+00:00,18.12,rgb(192, 23, 180),ignition,225.385,file
42217,2026-07-27T00:49:20.642+00:00,30.03,rgb(192, 23, 180),moonshot,247.25,file
42195,2026-07-27T00:41:25.674+00:00,15.28,rgb(192, 23, 180),ignition,218.007,file
42185,2026-07-27T00:37:50.801+00:00,38.09,rgb(192, 23, 180),moonshot,257.54,file
42182,2026-07-27T00:36:21.090+00:00,12.18,rgb(192, 23, 180),ignition,208.193,file
42179,2026-07-27T00:35:05.690+00:00,19.01,rgb(192, 23, 180),ignition,227.461,file
42176,2026-07-27T00:33:40.156+00:00,17.43,rgb(192, 23, 180),ignition,223.705,file
42175,2026-07-27T00:32:55.824+00:00,10.84,rgb(192, 23, 180),ignition,203.149,file
42174,2026-07-27T00:32:16.600+00:00,19.91,rgb(192, 23, 180),ignition,229.463,file
42171,2026-07-27T00:30:53.573+00:00,13.55,rgb(192, 23, 180),ignition,212.807,file
42162,2026-07-27T00:27:37.174+00:00,21.8,rgb(192, 23, 180),moonshot,233.388,file
42161,2026-07-27T00:26:49.989+00:00,17.88,rgb(192, 23, 180),ignition,224.808,file
42160,2026-07-27T00:26:04.836+00:00,31.87,rgb(192, 23, 180),moonshot,249.824,file
42139,2026-07-27T00:19:05.226+00:00,28.29,rgb(192, 23, 180),moonshot,244.667,file
42111,2026-07-27T00:09:23.117+00:00,11.78,rgb(192, 23, 180),ignition,206.748,file
31669,2026-07-27T00:02:36.435+00:00,13.14,rgb(192, 23, 180),ignition,211.477,file
31587,2026-07-26T23:58:12.075+00:00,14.59,rgb(192, 23, 180),ignition,216.007,file
31559,2026-07-26T23:48:55.582+00:00,15.47,rgb(192, 23, 180),ignition,218.542,file
31556,2026-07-26T23:47:49.994+00:00,326.64,rgb(192, 23, 180),cosmic,350.547,file
31551,2026-07-26T23:45:30.954+00:00,99.77,rgb(192, 23, 180),mega,299.216,file
31550,2026-07-26T23:44:24.135+00:00,20.62,rgb(192, 23, 180),moonshot,230.979,file
31532,2026-07-26T23:37:39.534+00:00,11.71,rgb(192, 23, 180),ignition,206.49,file
31526,2026-07-26T23:35:13.257+00:00,19.26,rgb(192, 23, 180),ignition,228.026,file
31519,2026-07-26T23:32:45.708+00:00,76.62,rgb(192, 23, 180),mega,287.789,file
31508,2026-07-26T23:28:42.422+00:00,13.74,rgb(192, 23, 180),ignition,213.409,file
31476,2026-07-26T23:17:56.904+00:00,11.24,rgb(192, 23, 180),ignition,204.717,file
31473,2026-07-26T23:16:15.963+00:00,10.98,rgb(192, 23, 180),ignition,203.704,file
31471,2026-07-26T23:15:22.011+00:00,13.59,rgb(192, 23, 180),ignition,212.934,file
31470,2026-07-26T23:14:39.748+00:00,12.7,rgb(192, 23, 180),ignition,210.003,file
31467,2026-07-26T23:13:29.513+00:00,53.93,rgb(192, 23, 180),mega,272.59,file
31463,2026-07-26T23:11:36.776+00:00,30.65,rgb(192, 23, 180),moonshot,248.134,file
31455,2026-07-26T23:08:03.170+00:00,10.96,rgb(192, 23, 180),ignition,203.625,file
31442,2026-07-26T23:04:27.123+00:00,62.99,rgb(192, 23, 180),mega,279.312,file
31433,2026-07-26T23:01:04.439+00:00,39.14,rgb(192, 23, 180),moonshot,258.717,file
31431,2026-07-26T22:59:43.974+00:00,32.25,rgb(192, 23, 180),moonshot,250.337,file
31425,2026-07-26T22:57:29.317+00:00,19.26,rgb(192, 23, 180),ignition,228.026,file
31364,2026-07-26T22:40:34.606+00:00,93.1,rgb(192, 23, 180),mega,296.221,file
31362,2026-07-26T22:39:17.118+00:00,24.34,rgb(192, 23, 180),moonshot,238.158,file
30520,2026-07-26T22:32:03.504+00:00,15.9,rgb(192, 23, 180),ignition,219.729,file
30516,2026-07-26T22:30:05.751+00:00,219.69,rgb(192, 23, 180),cosmic,333.38,file
30497,2026-07-26T22:22:30.706+00:00,78.94,rgb(192, 23, 180),mega,289.081,file
30385,2026-07-26T22:19:27.274+00:00,11.64,rgb(192, 23, 180),ignition,206.231,file
30379,2026-07-26T22:17:07.676+00:00,89.46,rgb(192, 23, 180),mega,294.495,file
30371,2026-07-26T22:14:27.806+00:00,23.2,rgb(192, 23, 180),moonshot,236.082,file
30337,2026-07-26T22:02:37.825+00:00,15.42,rgb(192, 23, 180),ignition,218.402,file
30336,2026-07-26T22:01:54.233+00:00,14.22,rgb(192, 23, 180),ignition,214.895,file
30304,2026-07-26T21:51:06.594+00:00,143.99,rgb(192, 23, 180),cosmic,315.095,file
30300,2026-07-26T21:48:48.214+00:00,109.17,rgb(192, 23, 180),cosmic,303.113,file
30273,2026-07-26T21:39:31.885+00:00,59.92,rgb(192, 23, 180),mega,277.149,file
30224,2026-07-26T21:22:32.109+00:00,13.65,rgb(192, 23, 180),ignition,213.125,file
30216,2026-07-26T21:19:19.750+00:00,10.07,rgb(192, 23, 180),ignition,199.96,file
30212,2026-07-26T21:17:53.001+00:00,19.64,rgb(192, 23, 180),ignition,228.872,file
30200,2026-07-26T21:13:46.159+00:00,29.85,rgb(192, 23, 180),moonshot,246.99,file
30195,2026-07-26T21:11:42.891+00:00,160.76,rgb(192, 23, 180),cosmic,319.863,file
30187,2026-07-26T21:08:16.619+00:00,115.49,rgb(192, 23, 180),cosmic,305.549,file
30185,2026-07-26T21:07:06.917+00:00,295.67,rgb(192, 23, 180),cosmic,346.235,file
30167,2026-07-26T20:59:50.250+00:00,28.29,rgb(192, 23, 180),moonshot,244.667,file
30161,2026-07-26T20:57:01.484+00:00,27.44,rgb(192, 23, 180),moonshot,243.346,file
30145,2026-07-26T20:51:44.159+00:00,21.76,rgb(192, 23, 180),moonshot,233.308,file
30144,2026-07-26T20:50:53.849+00:00,24.16,rgb(192, 23, 180),moonshot,237.836,file
30142,2026-07-26T20:49:47.884+00:00,173.95,rgb(192, 23, 180),cosmic,323.276,file
30136,2026-07-26T20:46:49.351+00:00,38.1,rgb(192, 23, 180),moonshot,257.552,file
30112,2026-07-26T20:38:01.990+00:00,52.53,rgb(192, 23, 180),mega,271.452,file
30106,2026-07-26T20:35:59.089+00:00,26.22,rgb(192, 23, 180),moonshot,241.378,file
30080,2026-07-26T20:26:57.202+00:00,13.22,rgb(192, 23, 180),ignition,211.74,file
30058,2026-07-26T20:19:06.263+00:00,30.97,rgb(192, 23, 180),moonshot,248.584,file
30052,2026-07-26T20:16:59.072+00:00,14.14,rgb(192, 23, 180),ignition,214.651,file
29598,2026-07-26T20:11:05.405+00:00,15.29,rgb(192, 23, 180),ignition,218.035,file
29585,2026-07-26T20:06:45.100+00:00,10.38,rgb(192, 23, 180),ignition,201.272,file
29581,2026-07-26T20:05:14.085+00:00,25.87,rgb(192, 23, 180),moonshot,240.796,file
29576,2026-07-26T20:03:08.522+00:00,26.73,rgb(192, 23, 180),moonshot,242.212,file
29571,2026-07-26T20:00:49.286+00:00,38.92,rgb(192, 23, 180),moonshot,258.473,file
29567,2026-07-26T19:58:37.011+00:00,45.56,rgb(192, 23, 180),moonshot,265.291,file
29555,2026-07-26T19:53:56.224+00:00,20.77,rgb(192, 23, 180),moonshot,231.293,file
29546,2026-07-26T19:49:50.639+00:00,65.08,rgb(192, 23, 180),mega,280.724,file
29539,2026-07-26T19:47:12.859+00:00,24.76,rgb(192, 23, 180),moonshot,238.898,file
29538,2026-07-26T19:46:18.693+00:00,32.56,rgb(192, 23, 180),moonshot,250.751,file
29528,2026-07-26T19:42:33.651+00:00,17.06,rgb(192, 23, 180),ignition,222.776,file
29525,2026-07-26T19:41:17.728+00:00,12.43,rgb(192, 23, 180),ignition,209.073,file
29523,2026-07-26T19:40:21.760+00:00,28.26,rgb(192, 23, 180),moonshot,244.621,file
29514,2026-07-26T19:37:09.364+00:00,11.24,rgb(192, 23, 180),ignition,204.717,file
29506,2026-07-26T19:33:53.312+00:00,70.02,rgb(192, 23, 180),mega,283.891,file
29497,2026-07-26T19:30:01.090+00:00,12.7,rgb(192, 23, 180),ignition,210.003,file
29479,2026-07-26T19:23:11.915+00:00,19.9,rgb(192, 23, 180),ignition,229.441,file
29465,2026-07-26T19:18:01.759+00:00,87.91,rgb(192, 23, 180),mega,293.739,file
29451,2026-07-26T19:11:58.420+00:00,30.05,rgb(192, 23, 180),moonshot,247.279,file
29438,2026-07-26T19:07:22.152+00:00,83.2,rgb(192, 23, 180),mega,291.355,file
29427,2026-07-26T19:02:47.989+00:00,10.42,rgb(192, 23, 180),ignition,201.439,file
29410,2026-07-26T18:56:39.185+00:00,46.69,rgb(192, 23, 180),moonshot,266.351,file
29400,2026-07-26T18:52:09.509+00:00,26.72,rgb(192, 23, 180),moonshot,242.195,file
29388,2026-07-26T18:47:25.581+00:00,24.1,rgb(192, 23, 180),moonshot,237.729,file
29358,2026-07-26T18:36:25.474+00:00,12.45,rgb(192, 23, 180),ignition,209.142,file
29352,2026-07-26T18:34:00.739+00:00,12.38,rgb(192, 23, 180),ignition,208.898,file
29342,2026-07-26T18:29:59.457+00:00,98.69,rgb(192, 23, 180),mega,298.745,file
29339,2026-07-26T18:28:07.605+00:00,49.12,rgb(192, 23, 180),moonshot,268.547,file
29314,2026-07-26T18:18:05.149+00:00,24.9,rgb(192, 23, 180),moonshot,239.142,file
29303,2026-07-26T18:13:50.582+00:00,307.09,rgb(192, 23, 180),cosmic,347.876,file
29301,2026-07-26T18:12:14.804+00:00,25.75,rgb(192, 23, 180),moonshot,240.595,file
29296,2026-07-26T18:10:16.928+00:00,15.98,rgb(192, 23, 180),ignition,219.946,file
29292,2026-07-26T18:08:35.275+00:00,13.88,rgb(192, 23, 180),ignition,213.848,file
29288,2026-07-26T18:07:05.773+00:00,164.65,rgb(192, 23, 180),cosmic,320.898,file
29287,2026-07-26T18:05:52.878+00:00,20.71,rgb(192, 23, 180),moonshot,231.168,file
29286,2026-07-26T18:05:04.282+00:00,10.76,rgb(192, 23, 180),ignition,202.828,file
29272,2026-07-26T17:59:42.862+00:00,112.9,rgb(192, 23, 180),cosmic,304.567,file
29217,2026-07-26T17:43:20.344+00:00,1140.91,rgb(192, 23, 180),cosmic,404.679,file
29203,2026-07-26T17:36:43.120+00:00,17.44,rgb(192, 23, 180),ignition,223.73,file
29185,2026-07-26T17:30:07.391+00:00,13.98,rgb(192, 23, 180),ignition,214.159,file
29161,2026-07-26T17:21:25.311+00:00,28.68,rgb(192, 23, 180),moonshot,245.259,file
29156,2026-07-26T17:18:43.045+00:00,14.75,rgb(192, 23, 180),ignition,216.479,file
29155,2026-07-26T17:17:55.770+00:00,10.82,rgb(192, 23, 180),ignition,203.069,file
29152,2026-07-26T17:16:45.271+00:00,16.51,rgb(192, 23, 180),ignition,221.358,file
29131,2026-07-26T17:09:23.557+00:00,91.79,rgb(192, 23, 180),mega,295.608,file
29128,2026-07-26T17:07:30.014+00:00,31,rgb(192, 23, 180),moonshot,248.626,file
29108,2026-07-26T16:59:30.536+00:00,46.23,rgb(192, 23, 180),moonshot,265.923,file
29091,2026-07-26T16:52:40.294+00:00,12.17,rgb(192, 23, 180),ignition,208.158,file
29084,2026-07-26T16:50:06.902+00:00,224.4,rgb(192, 23, 180),cosmic,334.298,file
29083,2026-07-26T16:48:47.947+00:00,12.19,rgb(192, 23, 180),ignition,208.229,file
29077,2026-07-26T16:45:56.143+00:00,13.33,rgb(192, 23, 180),ignition,212.098,file
29072,2026-07-26T16:43:19.375+00:00,12.06,rgb(192, 23, 180),ignition,207.765,file
29049,2026-07-26T16:34:10.566+00:00,11.5,rgb(192, 23, 180),ignition,205.707,file
29048,2026-07-26T16:33:29.227+00:00,19.22,rgb(192, 23, 180),ignition,227.936,file
29047,2026-07-26T16:32:41.750+00:00,190.37,rgb(192, 23, 180),cosmic,327.18,file
29042,2026-07-26T16:30:10.476+00:00,43.42,rgb(192, 23, 180),moonshot,263.209,file
29041,2026-07-26T16:29:12.796+00:00,36.23,rgb(192, 23, 180),moonshot,255.373,file
29026,2026-07-26T16:23:05.838+00:00,11.1,rgb(192, 23, 180),ignition,204.175,file
29025,2026-07-26T16:22:25.513+00:00,18.89,rgb(192, 23, 180),ignition,227.187,file
29017,2026-07-26T16:19:23.041+00:00,13.26,rgb(192, 23, 180),ignition,211.87,file
28986,2026-07-26T16:08:38.514+00:00,84.23,rgb(192, 23, 180),mega,291.888,file
28983,2026-07-26T16:06:20.655+00:00,33.57,rgb(192, 23, 180),moonshot,252.073,file
28979,2026-07-26T16:04:24.528+00:00,13.24,rgb(192, 23, 180),ignition,211.805,file
28965,2026-07-26T15:59:14.693+00:00,81.32,rgb(192, 23, 180),mega,290.366,file
28958,2026-07-26T15:56:17.155+00:00,20.63,rgb(192, 23, 180),moonshot,231,file
28957,2026-07-26T15:55:28.498+00:00,72.94,rgb(192, 23, 180),mega,285.659,file
28950,2026-07-26T15:52:09.473+00:00,37.47,rgb(192, 23, 180),moonshot,256.83,file
28949,2026-07-26T15:51:13.107+00:00,11.81,rgb(192, 23, 180),ignition,206.858,file
28943,2026-07-26T15:48:27.440+00:00,13.52,rgb(192, 23, 180),ignition,212.711,file
28904,2026-07-26T15:34:52.818+00:00,11.48,rgb(192, 23, 180),ignition,205.632,file
28897,2026-07-26T15:31:51.395+00:00,16.96,rgb(192, 23, 180),ignition,222.522,file
28863,2026-07-26T15:20:29.821+00:00,77.46,rgb(192, 23, 180),mega,288.261,file
28862,2026-07-26T15:19:26.538+00:00,120.73,rgb(192, 23, 180),cosmic,307.469,file
28843,2026-07-26T15:12:09.044+00:00,11.49,rgb(192, 23, 180),ignition,205.669,file
28832,2026-07-26T15:07:58.367+00:00,12.69,rgb(192, 23, 180),ignition,209.969,file
28823,2026-07-26T15:03:52.912+00:00,17.88,rgb(192, 23, 180),ignition,224.808,file
28822,2026-07-26T15:03:05.538+00:00,49.85,rgb(192, 23, 180),moonshot,269.186,file
28814,2026-07-26T14:59:45.155+00:00,29.51,rgb(192, 23, 180),moonshot,246.494,file
28810,2026-07-26T14:57:56.871+00:00,16.68,rgb(192, 23, 180),ignition,221.801,file
28791,2026-07-26T14:51:17.793+00:00,22.34,rgb(192, 23, 180),moonshot,234.447,file
28790,2026-07-26T14:50:28.618+00:00,26.8,rgb(192, 23, 180),moonshot,242.325,file
28763,2026-07-26T14:39:39.229+00:00,10.79,rgb(192, 23, 180),ignition,202.949,file
28761,2026-07-26T14:38:40.787+00:00,10.59,rgb(192, 23, 180),ignition,202.139,file
28760,2026-07-26T14:38:00.603+00:00,127.69,rgb(192, 23, 180),cosmic,309.895,file
28742,2026-07-26T14:29:55.965+00:00,13.16,rgb(192, 23, 180),ignition,211.543,file
28728,2026-07-26T14:24:17.668+00:00,18.03,rgb(192, 23, 180),ignition,225.17,file
28723,2026-07-26T14:22:16.215+00:00,12.17,rgb(192, 23, 180),ignition,208.158,file
28721,2026-07-26T14:20:59.644+00:00,21.21,rgb(192, 23, 180),moonshot,232.2,file
28700,2026-07-26T14:12:50.192+00:00,21.76,rgb(192, 23, 180),moonshot,233.308,file
28691,2026-07-26T14:09:07.436+00:00,15.19,rgb(192, 23, 180),ignition,217.751,file
28672,2026-07-26T14:00:43.111+00:00,72.78,rgb(192, 23, 180),mega,285.564,file
28655,2026-07-26T13:52:56.057+00:00,13.55,rgb(192, 23, 180),ignition,212.807,file
28650,2026-07-26T13:50:48.103+00:00,19.11,rgb(192, 23, 180),ignition,227.688,file
28647,2026-07-26T13:49:32.310+00:00,10.96,rgb(192, 23, 180),ignition,203.625,file
28640,2026-07-26T13:47:19.815+00:00,39.38,rgb(192, 23, 180),moonshot,258.982,file
28637,2026-07-26T13:45:38.555+00:00,40.26,rgb(192, 23, 180),moonshot,259.938,file
28636,2026-07-26T13:44:42.209+00:00,23.32,rgb(192, 23, 180),moonshot,236.305,file
28615,2026-07-26T13:37:37.594+00:00,12.93,rgb(192, 23, 180),ignition,210.78,file
28604,2026-07-26T13:33:11.361+00:00,12.01,rgb(192, 23, 180),ignition,207.585,file
28595,2026-07-26T13:29:40.873+00:00,19.3,rgb(192, 23, 180),ignition,228.116,file
28591,2026-07-26T13:27:30.450+00:00,15.13,rgb(192, 23, 180),ignition,217.58,file
28589,2026-07-26T13:26:26.984+00:00,12.93,rgb(192, 23, 180),ignition,210.78,file
28579,2026-07-26T13:22:34.623+00:00,117.34,rgb(192, 23, 180),cosmic,306.237,file
28576,2026-07-26T13:20:50.635+00:00,907.01,rgb(192, 23, 180),cosmic,394.749,file
28571,2026-07-26T13:18:18.105+00:00,74.42,rgb(192, 23, 180),mega,286.529,file
28561,2026-07-26T13:14:16.278+00:00,22.9,rgb(192, 23, 180),moonshot,235.518,file
28552,2026-07-26T13:10:39.033+00:00,37.4,rgb(192, 23, 180),moonshot,256.749,file
28551,2026-07-26T13:09:42.474+00:00,15.71,rgb(192, 23, 180),ignition,219.208,file
28535,2026-07-26T13:04:13.721+00:00,31.51,rgb(192, 23, 180),moonshot,249.332,file
28516,2026-07-26T12:57:01.937+00:00,11.53,rgb(192, 23, 180),ignition,205.82,file
28499,2026-07-26T12:51:29.453+00:00,18.46,rgb(192, 23, 180),ignition,226.19,file
28494,2026-07-26T12:49:28.247+00:00,89.37,rgb(192, 23, 180),mega,294.452,file
28489,2026-07-26T12:47:10.133+00:00,27.01,rgb(192, 23, 180),moonshot,242.663,file
28483,2026-07-26T12:44:33.688+00:00,45.6,rgb(192, 23, 180),moonshot,265.329,file
28453,2026-07-26T12:33:05.815+00:00,95.42,rgb(192, 23, 180),mega,297.287,file
28447,2026-07-26T12:30:06.001+00:00,20.48,rgb(192, 23, 180),moonshot,230.684,file
28438,2026-07-26T12:27:09.680+00:00,41.14,rgb(192, 23, 180),moonshot,260.874,file
28430,2026-07-26T12:23:59.999+00:00,212.02,rgb(192, 23, 180),cosmic,331.842,file
28425,2026-07-26T12:20:58.129+00:00,14.24,rgb(192, 23, 180),ignition,214.956,file
28418,2026-07-26T12:18:19.043+00:00,16.38,rgb(192, 23, 180),ignition,221.016,file
28417,2026-07-26T12:17:34.611+00:00,17.02,rgb(192, 23, 180),ignition,222.675,file
28405,2026-07-26T12:12:26.751+00:00,10.08,rgb(192, 23, 180),ignition,200.003,file
28403,2026-07-26T12:11:32.916+00:00,10.22,rgb(192, 23, 180),ignition,200.6,file
28388,2026-07-26T12:05:54.321+00:00,18.04,rgb(192, 23, 180),ignition,225.194,file
28373,2026-07-26T12:00:26.123+00:00,65.93,rgb(192, 23, 180),mega,281.286,file
28354,2026-07-26T11:53:49.967+00:00,21.53,rgb(192, 23, 180),moonshot,232.848,file
28353,2026-07-26T11:53:03.432+00:00,31.13,rgb(192, 23, 180),moonshot,248.807,file
28305,2026-07-26T11:37:15.221+00:00,22.89,rgb(192, 23, 180),moonshot,235.499,file
28299,2026-07-26T11:34:34.962+00:00,10.37,rgb(192, 23, 180),ignition,201.23,file
28298,2026-07-26T11:33:51.713+00:00,25.25,rgb(192, 23, 180),moonshot,239.746,file
28289,2026-07-26T11:30:21.843+00:00,25.84,rgb(192, 23, 180),moonshot,240.746,file
28279,2026-07-26T11:26:06.431+00:00,11.99,rgb(192, 23, 180),ignition,207.513,file
28278,2026-07-26T11:25:22.130+00:00,12.5,rgb(192, 23, 180),ignition,209.316,file
28277,2026-07-26T11:24:40.704+00:00,15.49,rgb(192, 23, 180),ignition,218.598,file
28259,2026-07-26T11:18:16.231+00:00,26.57,rgb(192, 23, 180),moonshot,241.952,file
28255,2026-07-26T11:16:17.078+00:00,21.53,rgb(192, 23, 180),moonshot,232.848,file
28253,2026-07-26T11:15:15.955+00:00,17.6,rgb(192, 23, 180),ignition,224.125,file
28251,2026-07-26T11:14:08.390+00:00,45.79,rgb(192, 23, 180),moonshot,265.509,file
28209,2026-07-26T10:59:33.919+00:00,14.35,rgb(192, 23, 180),ignition,215.289,file
28207,2026-07-26T10:58:21.491+00:00,19.74,rgb(192, 23, 180),ignition,229.092,file
28174,2026-07-26T10:45:55.077+00:00,13.85,rgb(192, 23, 180),ignition,213.754,file
28165,2026-07-26T10:42:00.330+00:00,42.11,rgb(192, 23, 180),moonshot,261.883,file
28158,2026-07-26T10:38:34.704+00:00,208.88,rgb(192, 23, 180),cosmic,331.196,file
28149,2026-07-26T10:34:40.916+00:00,22.17,rgb(192, 23, 180),moonshot,234.116,file
28143,2026-07-26T10:32:39.031+00:00,16.9,rgb(192, 23, 180),ignition,222.369,file
28137,2026-07-26T10:30:08.323+00:00,11.38,rgb(192, 23, 180),ignition,205.253,file
28100,2026-07-26T10:17:25.275+00:00,19.19,rgb(192, 23, 180),ignition,227.868,file
28091,2026-07-26T10:13:58.110+00:00,28.16,rgb(192, 23, 180),moonshot,244.467,file
28067,2026-07-26T10:05:13.438+00:00,16.08,rgb(192, 23, 180),ignition,220.216,file
28064,2026-07-26T10:03:58.765+00:00,28.97,rgb(192, 23, 180),moonshot,245.695,file
28053,2026-07-26T09:59:37.406+00:00,16,rgb(192, 23, 180),ignition,220,file
28048,2026-07-26T09:57:41.486+00:00,26.52,rgb(192, 23, 180),moonshot,241.87,file
28033,2026-07-26T09:51:18.413+00:00,10.9,rgb(192, 23, 180),ignition,203.388,file
28028,2026-07-26T09:49:26.414+00:00,16.34,rgb(192, 23, 180),ignition,220.91,file
28023,2026-07-26T09:47:39.661+00:00,37.15,rgb(192, 23, 180),moonshot,256.459,file
28005,2026-07-26T09:41:11.048+00:00,10.1,rgb(192, 23, 180),ignition,200.089,file
28003,2026-07-26T09:40:00.344+00:00,28.43,rgb(192, 23, 180),moonshot,244.88,file
27993,2026-07-26T09:36:44.715+00:00,165.49,rgb(192, 23, 180),cosmic,321.118,file
27985,2026-07-26T09:33:59.571+00:00,190.13,rgb(192, 23, 180),cosmic,327.125,file
27980,2026-07-26T09:31:25.053+00:00,61.58,rgb(192, 23, 180),mega,278.332,file
27969,2026-07-26T09:27:03.863+00:00,1485.9,rgb(192, 23, 180),cosmic,416.114,file
27968,2026-07-26T09:25:24.723+00:00,13.46,rgb(192, 23, 180),ignition,212.518,file
27953,2026-07-26T09:19:50.461+00:00,44.21,rgb(192, 23, 180),moonshot,263.989,file
27951,2026-07-26T09:18:33.996+00:00,14.07,rgb(192, 23, 180),ignition,214.437,file
27938,2026-07-26T09:13:22.836+00:00,23.79,rgb(192, 23, 180),moonshot,237.169,file
27917,2026-07-26T09:04:48.451+00:00,20.02,rgb(192, 23, 180),moonshot,229.701,file
27896,2026-07-26T08:56:44.247+00:00,16.91,rgb(192, 23, 180),ignition,222.394,file
27881,2026-07-26T08:51:15.246+00:00,125.79,rgb(192, 23, 180),cosmic,309.246,file
27873,2026-07-26T08:47:48.886+00:00,70.82,rgb(192, 23, 180),mega,284.383,file
27868,2026-07-26T08:45:40.959+00:00,19.24,rgb(192, 23, 180),ignition,227.981,file
27851,2026-07-26T08:40:54.040+00:00,49.6,rgb(192, 23, 180),moonshot,268.968,file
27843,2026-07-26T08:37:42.547+00:00,11.44,rgb(192, 23, 180),ignition,205.48,file
27838,2026-07-26T08:35:40.357+00:00,10.02,rgb(192, 23, 180),ignition,199.744,file
27832,2026-07-26T08:33:43.714+00:00,21.37,rgb(192, 23, 180),moonshot,232.525,file
27828,2026-07-26T08:32:02.325+00:00,10.04,rgb(192, 23, 180),ignition,199.831,file
27809,2026-07-26T08:25:09.476+00:00,15.06,rgb(192, 23, 180),ignition,217.379,file
27788,2026-07-26T08:18:19.386+00:00,23.09,rgb(192, 23, 180),moonshot,235.876,file
27762,2026-07-26T08:08:35.545+00:00,11.51,rgb(192, 23, 180),ignition,205.744,file
27750,2026-07-26T08:05:08.439+00:00,202.25,rgb(192, 23, 180),cosmic,329.8,file
27749,2026-07-26T08:03:54.517+00:00,29.4,rgb(192, 23, 180),moonshot,246.332,file
27733,2026-07-26T07:58:17.120+00:00,53.37,rgb(192, 23, 180),mega,272.139,file
27709,2026-07-26T07:50:19.882+00:00,10.26,rgb(192, 23, 180),ignition,200.769,file
27705,2026-07-26T07:48:36.808+00:00,37.67,rgb(192, 23, 180),moonshot,257.06,file
27682,2026-07-26T07:41:36.410+00:00,11.09,rgb(192, 23, 180),ignition,204.136,file
27662,2026-07-26T07:34:50.334+00:00,43.47,rgb(192, 23, 180),moonshot,263.258,file
27630,2026-07-26T07:23:11.461+00:00,185.75,rgb(192, 23, 180),cosmic,326.117,file
27607,2026-07-26T07:15:09.083+00:00,12.84,rgb(192, 23, 180),ignition,210.477,file
27606,2026-07-26T07:14:26.770+00:00,10.23,rgb(192, 23, 180),ignition,200.642,file
27596,2026-07-26T07:10:35.705+00:00,35.19,rgb(192, 23, 180),moonshot,254.113,file
27583,2026-07-26T07:05:33.317+00:00,16.73,rgb(192, 23, 180),ignition,221.931,file
27582,2026-07-26T07:04:46.928+00:00,15.71,rgb(192, 23, 180),ignition,219.208,file
27572,2026-07-26T07:00:52.516+00:00,92.22,rgb(192, 23, 180),mega,295.81,file
27569,2026-07-26T06:59:21.553+00:00,81.89,rgb(192, 23, 180),mega,290.668,file
27555,2026-07-26T06:54:01.360+00:00,12.26,rgb(192, 23, 180),ignition,208.477,file
27553,2026-07-26T06:53:08.193+00:00,31.09,rgb(192, 23, 180),moonshot,248.751,file
27531,2026-07-26T06:42:27.703+00:00,16.6,rgb(192, 23, 180),ignition,221.593,file
27530,2026-07-26T06:41:39.176+00:00,10.7,rgb(192, 23, 180),ignition,202.586,file
27525,2026-07-26T06:39:49.055+00:00,24.48,rgb(192, 23, 180),moonshot,238.406,file
27522,2026-07-26T06:38:27.962+00:00,37.98,rgb(192, 23, 180),moonshot,257.415,file
27521,2026-07-26T06:37:33.227+00:00,10.63,rgb(192, 23, 180),ignition,202.302,file
27510,2026-07-26T06:33:26.360+00:00,29.73,rgb(192, 23, 180),moonshot,246.815,file
27499,2026-07-26T06:27:38.144+00:00,14.05,rgb(192, 23, 180),ignition,214.375,file
27493,2026-07-26T06:25:01.556+00:00,60.53,rgb(192, 23, 180),mega,277.587,file
27487,2026-07-26T06:22:04.031+00:00,17.34,rgb(192, 23, 180),ignition,223.481,file
27466,2026-07-26T06:15:17.480+00:00,29.33,rgb(192, 23, 180),moonshot,246.229,file
27463,2026-07-26T06:13:43.509+00:00,23.96,rgb(192, 23, 180),moonshot,237.477,file
27456,2026-07-26T06:10:49.224+00:00,30.86,rgb(192, 23, 180),moonshot,248.43,file
27453,2026-07-26T06:09:20.237+00:00,121.85,rgb(192, 23, 180),cosmic,307.869,file
27451,2026-07-26T06:07:56.369+00:00,84.21,rgb(192, 23, 180),mega,291.878,file
27449,2026-07-26T06:06:25.456+00:00,39.28,rgb(192, 23, 180),moonshot,258.872,file
27446,2026-07-26T06:04:58.407+00:00,60.06,rgb(192, 23, 180),mega,277.25,file
27439,2026-07-26T06:01:47.370+00:00,10.57,rgb(192, 23, 180),ignition,202.057,file
27438,2026-07-26T06:01:08.378+00:00,11.91,rgb(192, 23, 180),ignition,207.223,file
27437,2026-07-26T06:00:27.983+00:00,35.21,rgb(192, 23, 180),moonshot,254.137,file
27432,2026-07-26T05:58:32.112+00:00,22.89,rgb(192, 23, 180),moonshot,235.499,file
27426,2026-07-26T05:56:08.430+00:00,39.93,rgb(192, 23, 180),moonshot,259.582,file
27421,2026-07-26T05:53:54.910+00:00,28.04,rgb(192, 23, 180),moonshot,244.282,file
27411,2026-07-26T05:49:51.340+00:00,10.37,rgb(192, 23, 180),ignition,201.23,file
27403,2026-07-26T05:47:12.136+00:00,14.28,rgb(192, 23, 180),ignition,215.078,file
27398,2026-07-26T05:45:33.590+00:00,17.91,rgb(192, 23, 180),ignition,224.881,file
27391,2026-07-26T05:42:39.663+00:00,38.09,rgb(192, 23, 180),moonshot,257.54,file
27385,2026-07-26T05:40:16.772+00:00,14.41,rgb(192, 23, 180),ignition,215.47,file
27384,2026-07-26T05:39:34.344+00:00,10.25,rgb(192, 23, 180),ignition,200.727,file
27378,2026-07-26T05:37:19.951+00:00,14.86,rgb(192, 23, 180),ignition,216.801,file
27357,2026-07-26T05:29:12.999+00:00,13.27,rgb(192, 23, 180),ignition,211.903,file
27351,2026-07-26T05:27:04.468+00:00,15.46,rgb(192, 23, 180),ignition,218.514,file
27350,2026-07-26T05:26:21.196+00:00,449.69,rgb(192, 23, 180),cosmic,364.384,file
27343,2026-07-26T05:23:05.332+00:00,24.01,rgb(192, 23, 180),moonshot,237.567,file
27342,2026-07-26T05:22:17.040+00:00,19.12,rgb(192, 23, 180),ignition,227.71,file
27337,2026-07-26T05:20:30.058+00:00,11.4,rgb(192, 23, 180),ignition,205.329,file
27336,2026-07-26T05:19:51.604+00:00,17.92,rgb(192, 23, 180),ignition,224.905,file
27320,2026-07-26T05:14:15.405+00:00,17.91,rgb(192, 23, 180),ignition,224.881,file
27308,2026-07-26T05:10:59.103+00:00,264.09,rgb(192, 23, 180),cosmic,341.347,file
27304,2026-07-26T05:08:40.568+00:00,553.51,rgb(192, 23, 180),cosmic,373.374,file
27282,2026-07-26T05:00:59.064+00:00,85.38,rgb(192, 23, 180),mega,292.475,file
27239,2026-07-26T04:48:19.556+00:00,46.11,rgb(192, 23, 180),moonshot,265.81,file
27212,2026-07-26T04:39:20.402+00:00,16.78,rgb(192, 23, 180),ignition,222.06,file
27202,2026-07-26T04:35:49.418+00:00,16.66,rgb(192, 23, 180),ignition,221.749,file
27181,2026-07-26T04:28:24.290+00:00,16.44,rgb(192, 23, 180),ignition,221.174,file
27169,2026-07-26T04:24:19.598+00:00,27.63,rgb(192, 23, 180),moonshot,243.645,file
27165,2026-07-26T04:22:42.944+00:00,10.3,rgb(192, 23, 180),ignition,200.937,file
27164,2026-07-26T04:22:04.677+00:00,22.32,rgb(192, 23, 180),moonshot,234.408,file
27150,2026-07-26T04:17:05.636+00:00,11.61,rgb(192, 23, 180),ignition,206.119,file
27143,2026-07-26T04:14:35.942+00:00,10.96,rgb(192, 23, 180),ignition,203.625,file
27139,2026-07-26T04:13:06.189+00:00,24.15,rgb(192, 23, 180),moonshot,237.819,file
27086,2026-07-26T03:57:31.228+00:00,16.84,rgb(192, 23, 180),ignition,222.215,file
27082,2026-07-26T03:55:41.173+00:00,24.48,rgb(192, 23, 180),moonshot,238.406,file
27077,2026-07-26T03:53:08.677+00:00,1903.77,rgb(192, 23, 180),cosmic,426.839,file
27075,2026-07-26T03:51:16.284+00:00,13.86,rgb(192, 23, 180),ignition,213.786,file
27068,2026-07-26T03:48:17.617+00:00,23.72,rgb(192, 23, 180),moonshot,237.041,file
27018,2026-07-26T03:32:23.483+00:00,113.56,rgb(192, 23, 180),cosmic,304.819,file
27015,2026-07-26T03:30:46.671+00:00,14.59,rgb(192, 23, 180),ignition,216.007,file
26998,2026-07-26T03:25:39.769+00:00,36.98,rgb(192, 23, 180),moonshot,256.26,file
26997,2026-07-26T03:25:39.767+00:00,36.98,rgb(192, 23, 180),moonshot,256.26,file
26950,2026-07-26T03:17:53.785+00:00,558.81,rgb(192, 23, 180),cosmic,373.786,file
26949,2026-07-26T03:17:53.783+00:00,558.81,rgb(192, 23, 180),cosmic,373.786,file
26946,2026-07-26T03:16:10.704+00:00,89.07,rgb(192, 23, 180),mega,294.306,file
26945,2026-07-26T03:16:10.701+00:00,89.07,rgb(192, 23, 180),mega,294.306,file
26924,2026-07-26T03:12:22.914+00:00,30.18,rgb(192, 23, 180),moonshot,247.466,file
26923,2026-07-26T03:12:22.912+00:00,30.18,rgb(192, 23, 180),moonshot,247.466,file
26892,2026-07-26T03:07:28.148+00:00,22.3,rgb(192, 23, 180),moonshot,234.369,file
26891,2026-07-26T03:07:28.145+00:00,22.3,rgb(192, 23, 180),moonshot,234.369,file
26878,2026-07-26T03:04:58.969+00:00,13.86,rgb(192, 23, 180),ignition,213.786,file
26877,2026-07-26T03:04:58.967+00:00,13.86,rgb(192, 23, 180),ignition,213.786,file
26846,2026-07-26T02:58:48.274+00:00,53.83,rgb(192, 23, 180),mega,272.51,file
26845,2026-07-26T02:58:48.273+00:00,53.83,rgb(192, 23, 180),mega,272.51,file
26836,2026-07-26T02:56:28.199+00:00,35.93,rgb(192, 23, 180),moonshot,255.014,file
26835,2026-07-26T02:56:28.197+00:00,35.93,rgb(192, 23, 180),moonshot,255.014,file
26810,2026-07-26T02:52:35.940+00:00,36.73,rgb(192, 23, 180),moonshot,255.967,file
26809,2026-07-26T02:52:34.930+00:00,36.73,rgb(192, 23, 180),moonshot,255.967,file
26796,2026-07-26T02:49:29.780+00:00,73.42,rgb(192, 23, 180),mega,285.943,file
26795,2026-07-26T02:49:28.775+00:00,73.42,rgb(192, 23, 180),mega,285.943,file
26770,2026-07-26T02:44:52.313+00:00,11.94,rgb(192, 23, 180),ignition,207.332,file
26769,2026-07-26T02:44:52.311+00:00,11.94,rgb(192, 23, 180),ignition,207.332,file
26754,2026-07-26T02:41:54.142+00:00,29.59,rgb(192, 23, 180),moonshot,246.611,file
26753,2026-07-26T02:41:53.019+00:00,29.59,rgb(192, 23, 180),moonshot,246.611,file
26752,2026-07-26T02:41:03.203+00:00,11.95,rgb(192, 23, 180),ignition,207.368,file
26751,2026-07-26T02:41:02.151+00:00,11.95,rgb(192, 23, 180),ignition,207.368,file
26750,2026-07-26T02:40:23.420+00:00,14.52,rgb(192, 23, 180),ignition,215.799,file
26749,2026-07-26T02:40:23.417+00:00,14.52,rgb(192, 23, 180),ignition,215.799,file
26674,2026-07-26T02:28:52.270+00:00,47.55,rgb(192, 23, 180),moonshot,267.141,file
26673,2026-07-26T02:28:51.264+00:00,47.55,rgb(192, 23, 180),moonshot,267.141,file
26656,2026-07-26T02:25:48.080+00:00,14.6,rgb(192, 23, 180),ignition,216.037,file
26655,2026-07-26T02:25:47.058+00:00,14.6,rgb(192, 23, 180),ignition,216.037,file
26652,2026-07-26T02:22:34.583+00:00,13.2,rgb(192, 23, 180),ignition,211.674,file
26651,2026-07-26T02:22:34.581+00:00,13.2,rgb(192, 23, 180),ignition,211.674,file
26644,2026-07-26T02:20:58.365+00:00,12.51,rgb(192, 23, 180),ignition,209.35,file
26643,2026-07-26T02:20:58.362+00:00,12.51,rgb(192, 23, 180),ignition,209.35,file
26640,2026-07-26T02:19:56.468+00:00,17.27,rgb(192, 23, 180),ignition,223.306,file
26639,2026-07-26T02:19:55.377+00:00,17.27,rgb(192, 23, 180),ignition,223.306,file
26632,2026-07-26T02:18:15.382+00:00,14.34,rgb(192, 23, 180),ignition,215.259,file
26631,2026-07-26T02:18:14.370+00:00,14.34,rgb(192, 23, 180),ignition,215.259,file
26624,2026-07-26T02:16:26.366+00:00,40.41,rgb(192, 23, 180),moonshot,260.099,file
26623,2026-07-26T02:16:26.363+00:00,40.41,rgb(192, 23, 180),moonshot,260.099,file
26622,2026-07-26T02:15:33.257+00:00,25.62,rgb(192, 23, 180),moonshot,240.376,file
26621,2026-07-26T02:15:32.251+00:00,25.62,rgb(192, 23, 180),moonshot,240.376,file
26594,2026-07-26T02:11:11.169+00:00,13.43,rgb(192, 23, 180),ignition,212.422,file
26593,2026-07-26T02:11:11.166+00:00,13.43,rgb(192, 23, 180),ignition,212.422,file
26560,2026-07-26T02:05:04.290+00:00,15.26,rgb(192, 23, 180),ignition,217.95,file
26559,2026-07-26T02:05:04.286+00:00,15.26,rgb(192, 23, 180),ignition,217.95,file
26554,2026-07-26T02:03:49.285+00:00,12.99,rgb(192, 23, 180),ignition,210.98,file
26553,2026-07-26T02:03:47.990+00:00,12.99,rgb(192, 23, 180),ignition,210.98,file
26548,2026-07-26T02:02:24.160+00:00,81.46,rgb(192, 23, 180),mega,290.441,file
26547,2026-07-26T02:02:23.152+00:00,81.46,rgb(192, 23, 180),mega,290.441,file
26530,2026-07-26T01:59:31.641+00:00,82.79,rgb(192, 23, 180),mega,291.142,file
26529,2026-07-26T01:59:31.638+00:00,82.79,rgb(192, 23, 180),mega,291.142,file
26524,2026-07-26T01:57:56.077+00:00,94.3,rgb(192, 23, 180),mega,296.776,file
26523,2026-07-26T01:57:56.074+00:00,94.3,rgb(192, 23, 180),mega,296.776,file
26500,2026-07-26T01:54:14.853+00:00,13.41,rgb(192, 23, 180),ignition,212.357,file
26499,2026-07-26T01:54:14.849+00:00,13.41,rgb(192, 23, 180),ignition,212.357,file
26482,2026-07-26T01:51:01.605+00:00,12.61,rgb(192, 23, 180),ignition,209.695,file
26481,2026-07-26T01:51:01.602+00:00,12.61,rgb(192, 23, 180),ignition,209.695,file
26448,2026-07-26T01:45:08.921+00:00,11.26,rgb(192, 23, 180),ignition,204.794,file
26447,2026-07-26T01:45:08.920+00:00,11.26,rgb(192, 23, 180),ignition,204.794,file
26442,2026-07-26T01:43:50.421+00:00,11.99,rgb(192, 23, 180),ignition,207.513,file
26441,2026-07-26T01:43:50.420+00:00,11.99,rgb(192, 23, 180),ignition,207.513,file
26412,2026-07-26T01:38:11.365+00:00,19.78,rgb(192, 23, 180),ignition,229.179,file
26411,2026-07-26T01:38:11.364+00:00,19.78,rgb(192, 23, 180),ignition,229.179,file
26404,2026-07-26T01:36:11.694+00:00,18.52,rgb(192, 23, 180),ignition,226.33,file
26403,2026-07-26T01:36:11.693+00:00,18.52,rgb(192, 23, 180),ignition,226.33,file
26382,2026-07-26T01:32:31.177+00:00,21.53,rgb(192, 23, 180),moonshot,232.848,file
26381,2026-07-26T01:32:30.100+00:00,21.53,rgb(192, 23, 180),moonshot,232.848,file
26362,2026-07-26T01:29:08.303+00:00,13.85,rgb(192, 23, 180),ignition,213.754,file
26361,2026-07-26T01:29:08.300+00:00,13.85,rgb(192, 23, 180),ignition,213.754,file
21087,2026-07-26T01:28:17.215+00:00,18.04,rgb(192, 23, 180),ignition,225.194,file
21086,2026-07-26T01:28:16.198+00:00,18.04,rgb(192, 23, 180),ignition,225.194,file
20921,2026-07-26T01:17:27.803+00:00,484.28,rgb(192, 23, 180),cosmic,367.591,file
20920,2026-07-26T01:17:27.800+00:00,484.28,rgb(192, 23, 180),cosmic,367.591,file
20874,2026-07-26T01:13:50.242+00:00,18.76,rgb(192, 23, 180),ignition,226.888,file
20873,2026-07-26T01:13:49.230+00:00,18.76,rgb(192, 23, 180),ignition,226.888,file
20768,2026-07-26T01:07:05.114+00:00,995.71,rgb(192, 23, 180),cosmic,398.787,file
20767,2026-07-26T01:07:05.112+00:00,995.71,rgb(192, 23, 180),cosmic,398.787,file
20735,2026-07-26T01:04:33.838+00:00,11.64,rgb(192, 23, 180),ignition,206.231,file
20733,2026-07-26T01:04:32.825+00:00,11.64,rgb(192, 23, 180),ignition,206.231,file
20656,2026-07-26T00:59:13.069+00:00,10.49,rgb(192, 23, 180),ignition,201.728,file
20655,2026-07-26T00:59:13.068+00:00,10.49,rgb(192, 23, 180),ignition,201.728,file
20412,2026-07-26T00:43:11.193+00:00,12.05,rgb(192, 23, 180),ignition,207.729,file
20411,2026-07-26T00:43:10.189+00:00,12.05,rgb(192, 23, 180),ignition,207.729,file
20352,2026-07-26T00:38:38.226+00:00,26.03,rgb(192, 23, 180),moonshot,241.063,file
20350,2026-07-26T00:38:37.180+00:00,26.03,rgb(192, 23, 180),moonshot,241.063,file
20336,2026-07-26T00:37:25.084+00:00,30.5,rgb(192, 23, 180),moonshot,247.922,file
20335,2026-07-26T00:37:24.061+00:00,30.5,rgb(192, 23, 180),moonshot,247.922,file
20170,2026-07-26T00:26:18.611+00:00,46.47,rgb(192, 23, 180),moonshot,266.147,file
20169,2026-07-26T00:26:18.609+00:00,46.47,rgb(192, 23, 180),moonshot,266.147,file
20137,2026-07-26T00:23:57.006+00:00,26.75,rgb(192, 23, 180),moonshot,242.244,file
20136,2026-07-26T00:23:57.005+00:00,26.75,rgb(192, 23, 180),moonshot,242.244,file
20127,2026-07-26T00:23:07.280+00:00,117.63,rgb(192, 23, 180),cosmic,306.343,file
20126,2026-07-26T00:23:06.267+00:00,117.63,rgb(192, 23, 180),cosmic,306.343,file
20101,2026-07-26T00:21:01.797+00:00,11.73,rgb(192, 23, 180),ignition,206.564,file
20100,2026-07-26T00:21:01.794+00:00,11.73,rgb(192, 23, 180),ignition,206.564,file
20069,2026-07-26T00:18:41.228+00:00,11.54,rgb(192, 23, 180),ignition,205.857,file
20068,2026-07-26T00:18:40.208+00:00,11.54,rgb(192, 23, 180),ignition,205.857,file
20035,2026-07-26T00:16:18.224+00:00,19.05,rgb(192, 23, 180),ignition,227.552,file
20034,2026-07-26T00:16:18.222+00:00,19.05,rgb(192, 23, 180),ignition,227.552,file
19977,2026-07-26T00:12:16.931+00:00,123.98,rgb(192, 23, 180),cosmic,308.619,file
19976,2026-07-26T00:12:16.929+00:00,123.98,rgb(192, 23, 180),cosmic,308.619,file
19856,2026-07-26T00:03:50.241+00:00,19.22,rgb(192, 23, 180),ignition,227.936,file
19855,2026-07-26T00:03:50.240+00:00,19.22,rgb(192, 23, 180),ignition,227.936,file
19843,2026-07-26T00:02:51.413+00:00,67.24,rgb(192, 23, 180),mega,282.137,file
19842,2026-07-26T00:02:50.394+00:00,67.24,rgb(192, 23, 180),mega,282.137,file
19648,2026-07-25T23:49:27.216+00:00,11.23,rgb(192, 23, 180),ignition,204.679,file
19647,2026-07-25T23:49:27.215+00:00,11.23,rgb(192, 23, 180),ignition,204.679,file
19639,2026-07-25T23:48:46.239+00:00,11.25,rgb(192, 23, 180),ignition,204.756,file
19638,2026-07-25T23:48:46.237+00:00,11.25,rgb(192, 23, 180),ignition,204.756,file
19631,2026-07-25T23:48:05.589+00:00,18.09,rgb(192, 23, 180),ignition,225.314,file
19630,2026-07-25T23:48:05.587+00:00,18.09,rgb(192, 23, 180),ignition,225.314,file
19577,2026-07-25T23:44:20.488+00:00,10.56,rgb(192, 23, 180),ignition,202.016,file
19578,2026-07-25T23:44:20.485+00:00,10.56,rgb(192, 23, 180),ignition,202.016,file
19492,2026-07-25T23:38:24.103+00:00,26.24,rgb(192, 23, 180),moonshot,241.411,file
19490,2026-07-25T23:38:24.100+00:00,26.24,rgb(192, 23, 180),moonshot,241.411,file
19482,2026-07-25T23:37:33.548+00:00,14.06,rgb(192, 23, 180),ignition,214.406,file
19481,2026-07-25T23:37:33.546+00:00,14.06,rgb(192, 23, 180),ignition,214.406,file
19362,2026-07-25T23:29:10.203+00:00,10.62,rgb(192, 23, 180),ignition,202.261,file
19361,2026-07-25T23:29:10.201+00:00,10.62,rgb(192, 23, 180),ignition,202.261,file
19353,2026-07-25T23:28:30.438+00:00,10.4,rgb(192, 23, 180),ignition,201.355,file
19352,2026-07-25T23:28:30.436+00:00,10.4,rgb(192, 23, 180),ignition,201.355,file
19308,2026-07-25T23:25:20.033+00:00,19.63,rgb(192, 23, 180),ignition,228.85,file
19306,2026-07-25T23:25:20.031+00:00,19.63,rgb(192, 23, 180),ignition,228.85,file
19202,2026-07-25T23:18:07.633+00:00,14.6,rgb(192, 23, 180),ignition,216.037,file
19201,2026-07-25T23:18:07.632+00:00,14.6,rgb(192, 23, 180),ignition,216.037,file
19169,2026-07-25T23:15:44.358+00:00,16.54,rgb(192, 23, 180),ignition,221.437,file
19168,2026-07-25T23:15:43.337+00:00,16.54,rgb(192, 23, 180),ignition,221.437,file
19159,2026-07-25T23:14:56.781+00:00,10.66,rgb(192, 23, 180),ignition,202.424,file
19158,2026-07-25T23:14:55.709+00:00,10.66,rgb(192, 23, 180),ignition,202.424,file
19105,2026-07-25T23:11:16.992+00:00,20.43,rgb(192, 23, 180),moonshot,230.579,file
19104,2026-07-25T23:11:15.910+00:00,20.43,rgb(192, 23, 180),moonshot,230.579,file
19092,2026-07-25T23:10:15.725+00:00,14.65,rgb(192, 23, 180),ignition,216.185,file
19090,2026-07-25T23:10:14.682+00:00,14.65,rgb(192, 23, 180),ignition,216.185,file
19059,2026-07-25T23:08:06.682+00:00,49154.2,rgb(192, 23, 180),cosmic,567.551,file
19057,2026-07-25T23:08:06.679+00:00,49154.2,rgb(192, 23, 180),cosmic,567.551,file
18992,2026-07-25T23:02:09.434+00:00,20.67,rgb(192, 23, 180),moonshot,231.084,file
18961,2026-07-25T22:59:22.862+00:00,15.33,rgb(192, 23, 180),ignition,218.149,file
18903,2026-07-25T22:54:27.874+00:00,157.1,rgb(192, 23, 180),cosmic,318.866,file
18882,2026-07-25T22:52:31.194+00:00,56.21,rgb(192, 23, 180),mega,274.383,file
18858,2026-07-25T22:50:32.558+00:00,13.21,rgb(192, 23, 180),ignition,211.707,file
18727,2026-07-25T22:39:46.699+00:00,16.97,rgb(192, 23, 180),ignition,222.547,file
18637,2026-07-25T22:32:22.241+00:00,16.4,rgb(192, 23, 180),ignition,221.069,file
18514,2026-07-25T22:22:20.064+00:00,30.01,rgb(192, 23, 180),moonshot,247.221,file
18503,2026-07-25T22:21:12.069+00:00,19.26,rgb(192, 23, 180),ignition,228.026,file
18434,2026-07-25T22:15:28.854+00:00,60.04,rgb(192, 23, 180),mega,277.236,file
18423,2026-07-25T22:14:22.939+00:00,18.72,rgb(192, 23, 180),ignition,226.795,file
18414,2026-07-25T22:13:33.969+00:00,11.17,rgb(192, 23, 180),ignition,204.447,file
18323,2026-07-25T22:05:53.729+00:00,10.8,rgb(192, 23, 180),ignition,202.989,file
18296,2026-07-25T22:03:31.168+00:00,22.9,rgb(192, 23, 180),moonshot,235.518,file
18244,2026-07-25T21:59:09.371+00:00,12.04,rgb(192, 23, 180),ignition,207.693,file
18236,2026-07-25T21:58:25.491+00:00,19.12,rgb(192, 23, 180),ignition,227.71,file
18223,2026-07-25T21:57:17.600+00:00,11.77,rgb(192, 23, 180),ignition,206.711,file
18106,2026-07-25T21:47:44.876+00:00,14.84,rgb(192, 23, 180),ignition,216.743,file
18064,2026-07-25T21:44:05.101+00:00,19.56,rgb(192, 23, 180),ignition,228.695,file
18005,2026-07-25T21:39:25.202+00:00,327.19,rgb(192, 23, 180),cosmic,350.62,file
17990,2026-07-25T21:38:03.235+00:00,12.98,rgb(192, 23, 180),ignition,210.947,file
17955,2026-07-25T21:34:57.898+00:00,11.3,rgb(192, 23, 180),ignition,204.948,file
17942,2026-07-25T21:33:51.618+00:00,23.06,rgb(192, 23, 180),moonshot,235.82,file
17934,2026-07-25T21:33:02.765+00:00,11.91,rgb(192, 23, 180),ignition,207.223,file
17814,2026-07-25T21:23:04.013+00:00,10.49,rgb(192, 23, 180),ignition,201.728,file
17748,2026-07-25T21:17:48.294+00:00,91.02,rgb(192, 23, 180),mega,295.243,file
17702,2026-07-25T21:13:44.127+00:00,10.37,rgb(192, 23, 180),ignition,201.23,file
17682,2026-07-25T21:12:04.149+00:00,262.73,rgb(192, 23, 180),cosmic,341.123,file
17664,2026-07-25T21:10:18.906+00:00,104.79,rgb(192, 23, 180),cosmic,301.341,file
17413,2026-07-25T20:49:29.555+00:00,10.18,rgb(192, 23, 180),ignition,200.43,file
17367,2026-07-25T20:45:37.992+00:00,14.28,rgb(192, 23, 180),ignition,215.078,file
17322,2026-07-25T20:41:47.046+00:00,24.29,rgb(192, 23, 180),moonshot,238.069,file
17303,2026-07-25T20:40:09.196+00:00,18.08,rgb(192, 23, 180),ignition,225.29,file
17288,2026-07-25T20:38:46.974+00:00,19.91,rgb(192, 23, 180),ignition,229.463,file
17275,2026-07-25T20:37:40.700+00:00,38.5,rgb(192, 23, 180),moonshot,258.004,file
17254,2026-07-25T20:35:44.461+00:00,16.15,rgb(192, 23, 180),ignition,220.404,file
17197,2026-07-25T20:30:51.196+00:00,35.4,rgb(192, 23, 180),moonshot,254.37,file
17093,2026-07-25T20:22:22.481+00:00,14.04,rgb(192, 23, 180),ignition,214.344,file
17086,2026-07-25T20:21:41.100+00:00,19.05,rgb(192, 23, 180),ignition,227.552,file
17031,2026-07-25T20:17:24.405+00:00,17.07,rgb(192, 23, 180),ignition,222.802,file
17016,2026-07-25T20:16:09.982+00:00,19.72,rgb(192, 23, 180),ignition,229.048,file
17002,2026-07-25T20:14:50.805+00:00,28.2,rgb(192, 23, 180),moonshot,244.529,file
16958,2026-07-25T20:11:14.767+00:00,76.32,rgb(192, 23, 180),mega,287.62,file
16816,2026-07-25T19:59:25.129+00:00,11.93,rgb(192, 23, 180),ignition,207.296,file
16752,2026-07-25T19:54:11.833+00:00,10.76,rgb(192, 23, 180),ignition,202.828,file
16729,2026-07-25T19:52:09.746+00:00,32.98,rgb(192, 23, 180),moonshot,251.306,file
16691,2026-07-25T19:49:05.732+00:00,165.61,rgb(192, 23, 180),cosmic,321.149,file
16427,2026-07-25T19:26:40.942+00:00,10.09,rgb(192, 23, 180),ignition,200.046,file
16384,2026-07-25T19:23:08.604+00:00,136.13,rgb(192, 23, 180),cosmic,312.665,file
16358,2026-07-25T19:20:45.984+00:00,70.6,rgb(192, 23, 180),mega,284.248,file
16314,2026-07-25T19:17:02.109+00:00,15.34,rgb(192, 23, 180),ignition,218.177,file
16279,2026-07-25T19:14:07.035+00:00,13.28,rgb(192, 23, 180),ignition,211.935,file
16270,2026-07-25T19:13:20.637+00:00,37.19,rgb(192, 23, 180),moonshot,256.505,file
16239,2026-07-25T19:10:30.003+00:00,18.5,rgb(192, 23, 180),ignition,226.284,file
16219,2026-07-25T19:08:39.292+00:00,24.37,rgb(192, 23, 180),moonshot,238.211,file
16206,2026-07-25T19:07:30.522+00:00,16.51,rgb(192, 23, 180),ignition,221.358,file
16150,2026-07-25T19:02:50.378+00:00,10.48,rgb(192, 23, 180),ignition,201.687,file
16124,2026-07-25T19:00:43.202+00:00,26.28,rgb(192, 23, 180),moonshot,241.477,file
16104,2026-07-25T18:58:57.756+00:00,19.58,rgb(192, 23, 180),ignition,228.739,file
16058,2026-07-25T18:55:10.049+00:00,88.77,rgb(192, 23, 180),mega,294.16,file
15984,2026-07-25T18:48:53.786+00:00,10.44,rgb(192, 23, 180),ignition,201.521,file
15960,2026-07-25T18:46:55.089+00:00,18.41,rgb(192, 23, 180),ignition,226.073,file
15860,2026-07-25T18:38:46.514+00:00,44.09,rgb(192, 23, 180),moonshot,263.871,file
15850,2026-07-25T18:37:46.607+00:00,19.11,rgb(192, 23, 180),ignition,227.688,file
15819,2026-07-25T18:35:14.008+00:00,12.73,rgb(192, 23, 180),ignition,210.105,file
15795,2026-07-25T18:33:14.477+00:00,16.57,rgb(192, 23, 180),ignition,221.515,file
15786,2026-07-25T18:32:27.538+00:00,33.26,rgb(192, 23, 180),moonshot,251.671,file
15777,2026-07-25T18:31:36.165+00:00,31.28,rgb(192, 23, 180),moonshot,249.015,file
15744,2026-07-25T18:28:58.441+00:00,30.82,rgb(192, 23, 180),moonshot,248.374,file
15662,2026-07-25T18:22:13.856+00:00,27.67,rgb(192, 23, 180),moonshot,243.708,file
15619,2026-07-25T18:18:53.945+00:00,362.79,rgb(192, 23, 180),cosmic,355.09,file
15589,2026-07-25T18:16:12.440+00:00,11.06,rgb(192, 23, 180),ignition,204.018,file
15556,2026-07-25T18:13:25.152+00:00,19.72,rgb(192, 23, 180),ignition,229.048,file
15502,2026-07-25T18:09:04.885+00:00,11.1,rgb(192, 23, 180),ignition,204.175,file
15477,2026-07-25T18:07:08.257+00:00,59.74,rgb(192, 23, 180),mega,277.019,file
15410,2026-07-25T18:01:20.555+00:00,31.1,rgb(192, 23, 180),moonshot,248.765,file
15303,2026-07-25T17:52:49.660+00:00,80.76,rgb(192, 23, 180),mega,290.067,file
15281,2026-07-25T17:50:50.970+00:00,14.83,rgb(192, 23, 180),ignition,216.713,file
15203,2026-07-25T17:44:27.207+00:00,20.4,rgb(192, 23, 180),moonshot,230.515,file
15143,2026-07-25T17:39:41.352+00:00,37.24,rgb(192, 23, 180),moonshot,256.563,file
15095,2026-07-25T17:35:50.179+00:00,10.84,rgb(192, 23, 180),ignition,203.149,file
15070,2026-07-25T17:33:56.141+00:00,15.41,rgb(192, 23, 180),ignition,218.374,file
15023,2026-07-25T17:30:12.141+00:00,10.22,rgb(192, 23, 180),ignition,200.6,file
14985,2026-07-25T17:27:04.267+00:00,17.13,rgb(192, 23, 180),ignition,222.954,file
14909,2026-07-25T17:20:48.908+00:00,49.72,rgb(192, 23, 180),moonshot,269.073,file
14856,2026-07-25T17:16:16.369+00:00,31.5,rgb(192, 23, 180),moonshot,249.318,file
14839,2026-07-25T17:14:38.426+00:00,45.91,rgb(192, 23, 180),moonshot,265.622,file
14770,2026-07-25T17:08:40.963+00:00,36.36,rgb(192, 23, 180),moonshot,255.528,file
14744,2026-07-25T17:06:26.070+00:00,25.44,rgb(192, 23, 180),moonshot,240.071,file
14705,2026-07-25T17:02:57.181+00:00,11.46,rgb(192, 23, 180),ignition,205.556,file
14583,2026-07-25T16:52:45.336+00:00,21.53,rgb(192, 23, 180),moonshot,232.848,file
14574,2026-07-25T16:51:56.695+00:00,11.98,rgb(192, 23, 180),ignition,207.477,file
14479,2026-07-25T16:44:18.299+00:00,29.59,rgb(192, 23, 180),moonshot,246.611,file
14453,2026-07-25T16:42:00.364+00:00,11.74,rgb(192, 23, 180),ignition,206.601,file
14446,2026-07-25T16:41:19.351+00:00,25.24,rgb(192, 23, 180),moonshot,239.729,file
14324,2026-07-25T16:31:15.519+00:00,116.53,rgb(192, 23, 180),cosmic,305.937,file
14293,2026-07-25T16:28:31.488+00:00,13.05,rgb(192, 23, 180),ignition,211.179,file
14113,2026-07-25T16:13:15.301+00:00,15.52,rgb(192, 23, 180),ignition,218.682,file
14065,2026-07-25T16:09:09.128+00:00,10.22,rgb(192, 23, 180),ignition,200.6,file
14050,2026-07-25T16:07:53.029+00:00,12.98,rgb(192, 23, 180),ignition,210.947,file
14041,2026-07-25T16:07:05.988+00:00,11.8,rgb(192, 23, 180),ignition,206.821,file
14011,2026-07-25T16:04:37.594+00:00,12.42,rgb(192, 23, 180),ignition,209.038,file
13986,2026-07-25T16:02:19.686+00:00,18.57,rgb(192, 23, 180),ignition,226.447,file
13978,2026-07-25T16:01:32.438+00:00,13.77,rgb(192, 23, 180),ignition,213.504,file
13949,2026-07-25T15:59:08.194+00:00,26.68,rgb(192, 23, 180),moonshot,242.131,file
13941,2026-07-25T15:58:14.982+00:00,25.25,rgb(192, 23, 180),moonshot,239.746,file
13921,2026-07-25T15:56:29.095+00:00,17.45,rgb(192, 23, 180),ignition,223.755,file
13850,2026-07-25T15:50:59.437+00:00,21.31,rgb(192, 23, 180),moonshot,232.404,file
13798,2026-07-25T15:46:32.506+00:00,16.35,rgb(192, 23, 180),ignition,220.937,file
13646,2026-07-25T15:34:23.263+00:00,30.33,rgb(192, 23, 180),moonshot,247.68,file
13607,2026-07-25T15:31:07.918+00:00,45.81,rgb(192, 23, 180),moonshot,265.528,file
13589,2026-07-25T15:29:36.762+00:00,29.88,rgb(192, 23, 180),moonshot,247.033,file
13545,2026-07-25T15:25:58.602+00:00,38.64,rgb(192, 23, 180),moonshot,258.161,file
13482,2026-07-25T15:20:50.868+00:00,14.73,rgb(192, 23, 180),ignition,216.421,file
13465,2026-07-25T15:19:22.699+00:00,12.48,rgb(192, 23, 180),ignition,209.246,file
13353,2026-07-25T15:10:12.402+00:00,13.72,rgb(192, 23, 180),ignition,213.346,file
13340,2026-07-25T15:09:00.114+00:00,11.99,rgb(192, 23, 180),ignition,207.513,file
13330,2026-07-25T15:08:06.285+00:00,19.11,rgb(192, 23, 180),ignition,227.688,file
13134,2026-07-25T14:52:04.299+00:00,19.92,rgb(192, 23, 180),ignition,229.484,file
13099,2026-07-25T14:49:12.213+00:00,202.23,rgb(192, 23, 180),cosmic,329.796,file
12991,2026-07-25T14:41:03.164+00:00,29.36,rgb(192, 23, 180),moonshot,246.273,file
12927,2026-07-25T14:35:57.665+00:00,10.51,rgb(192, 23, 180),ignition,201.811,file
12805,2026-07-25T14:26:27.162+00:00,16.22,rgb(192, 23, 180),ignition,220.591,file
12763,2026-07-25T14:23:01.284+00:00,15.89,rgb(192, 23, 180),ignition,219.701,file
12746,2026-07-25T14:21:27.111+00:00,46.82,rgb(192, 23, 180),moonshot,266.472,file
12700,2026-07-25T14:17:36.774+00:00,29.81,rgb(192, 23, 180),moonshot,246.932,file
12658,2026-07-25T14:13:56.526+00:00,38.2,rgb(192, 23, 180),moonshot,257.665,file
12641,2026-07-25T14:12:31.678+00:00,21.3,rgb(192, 23, 180),moonshot,232.383,file
12581,2026-07-25T14:07:41.933+00:00,21.16,rgb(192, 23, 180),moonshot,232.098,file
12572,2026-07-25T14:06:55.023+00:00,98.92,rgb(192, 23, 180),mega,298.846,file
12362,2026-07-25T13:50:04.757+00:00,192.6,rgb(192, 23, 180),cosmic,327.684,file
12243,2026-07-25T13:40:09.128+00:00,10.6,rgb(192, 23, 180),ignition,202.18,file
12206,2026-07-25T13:37:12.071+00:00,13.56,rgb(192, 23, 180),ignition,212.839,file
12196,2026-07-25T13:36:16.055+00:00,10,rgb(192, 23, 180),ignition,199.658,file
11996,2026-07-25T13:19:54.555+00:00,10.29,rgb(192, 23, 180),ignition,200.895,file
11925,2026-07-25T13:14:16.596+00:00,10.33,rgb(192, 23, 180),ignition,201.063,file
11918,2026-07-25T13:13:35.814+00:00,18.53,rgb(192, 23, 180),ignition,226.354,file
11804,2026-07-25T13:04:36.908+00:00,10.88,rgb(192, 23, 180),ignition,203.308,file
11621,2026-07-25T12:49:16.890+00:00,115.41,rgb(192, 23, 180),cosmic,305.519,file
11610,2026-07-25T12:48:08.493+00:00,71.27,rgb(192, 23, 180),mega,284.657,file
11556,2026-07-25T12:43:37.297+00:00,46.54,rgb(192, 23, 180),moonshot,266.212,file
11441,2026-07-25T12:34:15.370+00:00,30.98,rgb(192, 23, 180),moonshot,248.598,file
11390,2026-07-25T12:29:58.852+00:00,13.52,rgb(192, 23, 180),ignition,212.711,file
11337,2026-07-25T12:25:31.519+00:00,15.33,rgb(192, 23, 180),ignition,218.149,file
11245,2026-07-25T12:17:46.310+00:00,68.96,rgb(192, 23, 180),mega,283.231,file
11229,2026-07-25T12:16:09.999+00:00,44.7,rgb(192, 23, 180),moonshot,264.466,file
11007,2026-07-25T11:57:52.700+00:00,30.32,rgb(192, 23, 180),moonshot,247.666,file
10983,2026-07-25T11:55:40.756+00:00,14.61,rgb(192, 23, 180),ignition,216.067,file
10919,2026-07-25T11:50:12.550+00:00,208.7,rgb(192, 23, 180),cosmic,331.159,file
10862,2026-07-25T11:45:06.120+00:00,15.91,rgb(192, 23, 180),ignition,219.756,file
10849,2026-07-25T11:43:56.641+00:00,30.51,rgb(192, 23, 180),moonshot,247.936,file
10835,2026-07-25T11:42:31.306+00:00,45.61,rgb(192, 23, 180),moonshot,265.338,file
10821,2026-07-25T11:41:15.387+00:00,26.54,rgb(192, 23, 180),moonshot,241.903,file
10803,2026-07-25T11:39:37.863+00:00,15.38,rgb(192, 23, 180),ignition,218.29,file
10762,2026-07-25T11:36:04.216+00:00,36.7,rgb(192, 23, 180),moonshot,255.931,file
10743,2026-07-25T11:34:24.327+00:00,50.94,rgb(192, 23, 180),mega,270.122,file
10685,2026-07-25T11:29:27.392+00:00,79.69,rgb(192, 23, 180),mega,289.49,file
10658,2026-07-25T11:26:52.029+00:00,20.83,rgb(192, 23, 180),moonshot,231.418,file
10637,2026-07-25T11:25:04.832+00:00,280.43,rgb(192, 23, 180),cosmic,343.945,file
10617,2026-07-25T11:23:12.273+00:00,22.07,rgb(192, 23, 180),moonshot,233.92,file
10592,2026-07-25T11:21:08.321+00:00,19.29,rgb(192, 23, 180),ignition,228.093,file
10564,2026-07-25T11:18:37.049+00:00,39.82,rgb(192, 23, 180),moonshot,259.463,file
10482,2026-07-25T11:11:52.020+00:00,16.74,rgb(192, 23, 180),ignition,221.957,file
10452,2026-07-25T11:09:12.662+00:00,21.7,rgb(192, 23, 180),moonshot,233.189,file
10439,2026-07-25T11:08:01.100+00:00,218.19,rgb(192, 23, 180),cosmic,333.083,file
10396,2026-07-25T11:04:18.359+00:00,19.04,rgb(192, 23, 180),ignition,227.529,file
10349,2026-07-25T11:00:22.386+00:00,26.38,rgb(192, 23, 180),moonshot,241.641,file
10298,2026-07-25T10:55:58.364+00:00,10.43,rgb(192, 23, 180),ignition,201.48,file
10285,2026-07-25T10:54:48.509+00:00,14.3,rgb(192, 23, 180),ignition,215.138,file
10245,2026-07-25T10:51:09.630+00:00,10.18,rgb(192, 23, 180),ignition,200.43,file
10175,2026-07-25T10:45:16.647+00:00,16.6,rgb(192, 23, 180),ignition,221.593,file
10136,2026-07-25T10:42:05.586+00:00,27.87,rgb(192, 23, 180),moonshot,244.019,file
10087,2026-07-25T10:37:49.644+00:00,13.83,rgb(192, 23, 180),ignition,213.692,file
9995,2026-07-25T10:30:10.621+00:00,13.83,rgb(192, 23, 180),ignition,213.692,file
9972,2026-07-25T10:28:19.237+00:00,43.52,rgb(192, 23, 180),moonshot,263.308,file
9899,2026-07-25T10:21:55.630+00:00,15.51,rgb(192, 23, 180),ignition,218.654,file
9887,2026-07-25T10:20:45.944+00:00,133.98,rgb(192, 23, 180),cosmic,311.976,file
9827,2026-07-25T10:15:57.866+00:00,10.85,rgb(192, 23, 180),ignition,203.189,file
9739,2026-07-25T10:09:06.664+00:00,105.16,rgb(192, 23, 180),cosmic,301.493,file
9611,2026-07-25T09:58:47.376+00:00,49.5,rgb(192, 23, 180),moonshot,268.881,file
9581,2026-07-25T09:56:10.811+00:00,57.72,rgb(192, 23, 180),mega,275.53,file
9565,2026-07-25T09:54:45.206+00:00,109.32,rgb(192, 23, 180),cosmic,303.172,file
9529,2026-07-25T09:51:32.186+00:00,66.09,rgb(192, 23, 180),mega,281.391,file
9517,2026-07-25T09:50:28.611+00:00,17.77,rgb(192, 23, 180),ignition,224.541,file
9424,2026-07-25T09:42:45.757+00:00,21.8,rgb(192, 23, 180),moonshot,233.388,file
9321,2026-07-25T09:33:54.101+00:00,175.21,rgb(192, 23, 180),cosmic,323.588,file
9298,2026-07-25T09:31:56.151+00:00,20.15,rgb(192, 23, 180),moonshot,229.981,file
9257,2026-07-25T09:28:17.310+00:00,53.01,rgb(192, 23, 180),mega,271.846,file
9227,2026-07-25T09:25:52.203+00:00,25.99,rgb(192, 23, 180),moonshot,240.997,file
9208,2026-07-25T09:24:08.487+00:00,18.3,rgb(192, 23, 180),ignition,225.813,file
9179,2026-07-25T09:21:38.083+00:00,14.64,rgb(192, 23, 180),ignition,216.155,file
9125,2026-07-25T09:17:11.198+00:00,80.9,rgb(192, 23, 180),mega,290.142,file
9081,2026-07-25T09:13:24.193+00:00,18.7,rgb(192, 23, 180),ignition,226.749,file
8999,2026-07-25T09:06:31.909+00:00,152.7,rgb(192, 23, 180),cosmic,317.637,file
8985,2026-07-25T09:05:18.347+00:00,19.45,rgb(192, 23, 180),ignition,228.451,file
8965,2026-07-25T09:03:24.385+00:00,12.93,rgb(192, 23, 180),ignition,210.78,file
8954,2026-07-25T09:02:13.512+00:00,34.12,rgb(192, 23, 180),moonshot,252.776,file
8929,2026-07-25T09:00:08.935+00:00,23.74,rgb(192, 23, 180),moonshot,237.077,file
8876,2026-07-25T08:55:32.358+00:00,33.93,rgb(192, 23, 180),moonshot,252.535,file
8829,2026-07-25T08:51:34.684+00:00,14.5,rgb(192, 23, 180),ignition,215.739,file
8821,2026-07-25T08:50:50.645+00:00,14.39,rgb(192, 23, 180),ignition,215.41,file
8759,2026-07-25T08:45:30.172+00:00,60.63,rgb(192, 23, 180),mega,277.659,file
8748,2026-07-25T08:44:28.414+00:00,60.77,rgb(192, 23, 180),mega,277.759,file
8699,2026-07-25T08:40:27.797+00:00,11.4,rgb(192, 23, 180),ignition,205.329,file
8621,2026-07-25T08:34:08.088+00:00,107.21,rgb(192, 23, 180),cosmic,302.329,file
8606,2026-07-25T08:32:38.880+00:00,569.69,rgb(192, 23, 180),cosmic,374.621,file
8578,2026-07-25T08:30:14.759+00:00,12.4,rgb(192, 23, 180),ignition,208.968,file
8465,2026-07-25T08:21:13.278+00:00,19.05,rgb(192, 23, 180),ignition,227.552,file
8393,2026-07-25T08:15:28.026+00:00,198.38,rgb(192, 23, 180),cosmic,328.964,file
8371,2026-07-25T08:13:24.111+00:00,11.09,rgb(192, 23, 180),ignition,204.136,file
8352,2026-07-25T08:11:53.592+00:00,10.08,rgb(192, 23, 180),ignition,200.003,file
8292,2026-07-25T08:07:01.821+00:00,10,rgb(192, 23, 180),ignition,199.658,file
8263,2026-07-25T08:04:33.435+00:00,72.65,rgb(192, 23, 180),mega,285.487,file
8251,2026-07-25T08:03:29.300+00:00,17.32,rgb(192, 23, 180),ignition,223.431,file
8235,2026-07-25T08:02:08.071+00:00,12.73,rgb(192, 23, 180),ignition,210.105,file
8208,2026-07-25T07:59:50.211+00:00,135.64,rgb(192, 23, 180),cosmic,312.509,file
8184,2026-07-25T07:57:44.278+00:00,19.71,rgb(192, 23, 180),ignition,229.026,file
8045,2026-07-25T07:46:23.326+00:00,61.34,rgb(192, 23, 180),mega,278.163,file
8030,2026-07-25T07:44:58.318+00:00,13.94,rgb(192, 23, 180),ignition,214.035,file
8002,2026-07-25T07:42:44.248+00:00,567.96,rgb(192, 23, 180),cosmic,374.489,file
7906,2026-07-25T07:34:47.698+00:00,95.44,rgb(192, 23, 180),mega,297.296,file
7856,2026-07-25T07:30:32.895+00:00,26.65,rgb(192, 23, 180),moonshot,242.082,file
7836,2026-07-25T07:28:41.324+00:00,11.97,rgb(192, 23, 180),ignition,207.441,file
7828,2026-07-25T07:28:00.329+00:00,24.85,rgb(192, 23, 180),moonshot,239.055,file
7780,2026-07-25T07:24:11.733+00:00,18.9,rgb(192, 23, 180),ignition,227.209,file
7701,2026-07-25T07:17:28.841+00:00,28.54,rgb(192, 23, 180),moonshot,245.047,file
7655,2026-07-25T07:13:42.786+00:00,26.11,rgb(192, 23, 180),moonshot,241.196,file
7614,2026-07-25T07:10:05.541+00:00,43.66,rgb(192, 23, 180),moonshot,263.447,file
7605,2026-07-25T07:09:10.153+00:00,14.7,rgb(192, 23, 180),ignition,216.332,file
7483,2026-07-25T06:59:39.634+00:00,13.14,rgb(192, 23, 180),ignition,211.477,file
7455,2026-07-25T06:57:30.251+00:00,38.93,rgb(192, 23, 180),moonshot,258.484,file
7421,2026-07-25T06:54:29.692+00:00,40.95,rgb(192, 23, 180),moonshot,260.674,file
7325,2026-07-25T06:46:50.687+00:00,24.42,rgb(192, 23, 180),moonshot,238.3,file
7307,2026-07-25T06:45:15.798+00:00,30.53,rgb(192, 23, 180),moonshot,247.965,file
7216,2026-07-25T06:37:45.260+00:00,12.97,rgb(192, 23, 180),ignition,210.913,file
7154,2026-07-25T06:32:39.445+00:00,13.37,rgb(192, 23, 180),ignition,212.228,file
7136,2026-07-25T06:31:15.600+00:00,13.68,rgb(192, 23, 180),ignition,213.22,file
7104,2026-07-25T06:28:41.140+00:00,13.94,rgb(192, 23, 180),ignition,214.035,file
7038,2026-07-25T06:23:18.938+00:00,104.67,rgb(192, 23, 180),cosmic,301.291,file
7008,2026-07-25T06:20:48.255+00:00,67.79,rgb(192, 23, 180),mega,282.49,file
6983,2026-07-25T06:18:41.017+00:00,17.05,rgb(192, 23, 180),ignition,222.751,file
6942,2026-07-25T06:15:31.519+00:00,14.74,rgb(192, 23, 180),ignition,216.45,file
6915,2026-07-25T06:13:15.365+00:00,28.08,rgb(192, 23, 180),moonshot,244.344,file
6820,2026-07-25T06:05:29.714+00:00,20.73,rgb(192, 23, 180),moonshot,231.209,file
6796,2026-07-25T06:03:29.266+00:00,10.02,rgb(192, 23, 180),ignition,199.744,file
6752,2026-07-25T06:00:01.777+00:00,53.51,rgb(192, 23, 180),mega,272.252,file
6726,2026-07-25T05:57:52.729+00:00,14.74,rgb(192, 23, 180),ignition,216.45,file
6699,2026-07-25T05:55:46.007+00:00,10.33,rgb(192, 23, 180),ignition,201.063,file
6635,2026-07-25T05:50:35.025+00:00,11.58,rgb(192, 23, 180),ignition,206.007,file
6597,2026-07-25T05:47:32.183+00:00,17.14,rgb(192, 23, 180),ignition,222.979,file
6565,2026-07-25T05:44:57.704+00:00,13.66,rgb(192, 23, 180),ignition,213.157,file
6558,2026-07-25T05:44:15.917+00:00,38.03,rgb(192, 23, 180),moonshot,257.472,file
6512,2026-07-25T05:40:34.764+00:00,17.25,rgb(192, 23, 180),ignition,223.256,file
6505,2026-07-25T05:39:49.652+00:00,31.17,rgb(192, 23, 180),moonshot,248.863,file
6475,2026-07-25T05:37:14.331+00:00,12.25,rgb(192, 23, 180),ignition,208.441,file
6464,2026-07-25T05:36:13.937+00:00,13.39,rgb(192, 23, 180),ignition,212.293,file
6375,2026-07-25T05:29:02.335+00:00,92.52,rgb(192, 23, 180),mega,295.951,file
6314,2026-07-25T05:24:11.651+00:00,34.31,rgb(192, 23, 180),moonshot,253.017,file
6240,2026-07-25T05:18:09.459+00:00,37.18,rgb(192, 23, 180),moonshot,256.494,file
6212,2026-07-25T05:15:47.017+00:00,13.94,rgb(192, 23, 180),ignition,214.035,file
6101,2026-07-25T05:06:26.253+00:00,20.17,rgb(192, 23, 180),moonshot,230.024,file
6067,2026-07-25T05:03:38.270+00:00,16.19,rgb(192, 23, 180),ignition,220.511,file
5978,2026-07-25T04:56:09.457+00:00,43.84,rgb(192, 23, 180),moonshot,263.625,file
5968,2026-07-25T04:55:12.982+00:00,75.69,rgb(192, 23, 180),mega,287.261,file
5957,2026-07-25T04:54:09.641+00:00,38.51,rgb(192, 23, 180),moonshot,258.015,file
5933,2026-07-25T04:52:11.854+00:00,25.22,rgb(192, 23, 180),moonshot,239.695,file
5898,2026-07-25T04:49:26.662+00:00,19.6,rgb(192, 23, 180),ignition,228.783,file
5856,2026-07-25T04:46:05.622+00:00,27.78,rgb(192, 23, 180),moonshot,243.879,file
5801,2026-07-25T04:41:39.817+00:00,11.68,rgb(192, 23, 180),ignition,206.379,file
5719,2026-07-25T04:35:05.094+00:00,42.88,rgb(192, 23, 180),moonshot,262.667,file
5685,2026-07-25T04:32:03.102+00:00,15.59,rgb(192, 23, 180),ignition,218.876,file
5643,2026-07-25T04:28:39.476+00:00,11.41,rgb(192, 23, 180),ignition,205.367,file
5632,2026-07-25T04:27:46.904+00:00,23.8,rgb(192, 23, 180),moonshot,237.187,file
5586,2026-07-25T04:23:50.220+00:00,17.17,rgb(192, 23, 180),ignition,223.055,file
5579,2026-07-25T04:23:05.743+00:00,54.01,rgb(192, 23, 180),mega,272.655,file
5563,2026-07-25T04:21:45.222+00:00,10.83,rgb(192, 23, 180),ignition,203.109,file
5500,2026-07-25T04:16:37.096+00:00,262.37,rgb(192, 23, 180),cosmic,341.064,file
5475,2026-07-25T04:14:20.321+00:00,14.71,rgb(192, 23, 180),ignition,216.362,file
5467,2026-07-25T04:13:38.080+00:00,11.27,rgb(192, 23, 180),ignition,204.832,file
5449,2026-07-25T04:11:58.369+00:00,40.2,rgb(192, 23, 180),moonshot,259.874,file
5416,2026-07-25T04:09:17.131+00:00,11.68,rgb(192, 23, 180),ignition,206.379,file
5404,2026-07-25T04:08:10.034+00:00,17.01,rgb(192, 23, 180),ignition,222.649,file
5343,2026-07-25T04:03:08.527+00:00,16.65,rgb(192, 23, 180),ignition,221.724,file
5223,2026-07-25T03:53:44.693+00:00,30.39,rgb(192, 23, 180),moonshot,247.766,file
5197,2026-07-25T03:51:43.535+00:00,91.52,rgb(192, 23, 180),mega,295.48,file
5145,2026-07-25T03:47:37.728+00:00,238.49,rgb(192, 23, 180),cosmic,336.934,file
5106,2026-07-25T03:44:19.425+00:00,30.77,rgb(192, 23, 180),moonshot,248.304,file
5090,2026-07-25T03:42:51.996+00:00,22.45,rgb(192, 23, 180),moonshot,234.659,file
5050,2026-07-25T03:39:28.036+00:00,130.28,rgb(192, 23, 180),cosmic,310.764,file
5011,2026-07-25T03:36:10.988+00:00,12.23,rgb(192, 23, 180),ignition,208.371,file
5003,2026-07-25T03:35:29.663+00:00,86.29,rgb(192, 23, 180),mega,292.934,file
4940,2026-07-25T03:30:06.561+00:00,24.81,rgb(192, 23, 180),moonshot,238.985,file
4927,2026-07-25T03:28:58.758+00:00,17.73,rgb(192, 23, 180),ignition,224.444,file
4861,2026-07-25T03:23:38.352+00:00,18.06,rgb(192, 23, 180),ignition,225.242,file
4829,2026-07-25T03:20:54.819+00:00,136.89,rgb(192, 23, 180),cosmic,312.906,file
4803,2026-07-25T03:18:25.456+00:00,127.11,rgb(192, 23, 180),cosmic,309.698,file
4788,2026-07-25T03:17:06.932+00:00,27.33,rgb(192, 23, 180),moonshot,243.172,file
4762,2026-07-25T03:14:47.635+00:00,23.59,rgb(192, 23, 180),moonshot,236.803,file
4751,2026-07-25T03:13:46.721+00:00,14.64,rgb(192, 23, 180),ignition,216.155,file
4744,2026-07-25T03:13:04.707+00:00,13.01,rgb(192, 23, 180),ignition,211.046,file
4712,2026-07-25T03:10:38.742+00:00,17.06,rgb(192, 23, 180),ignition,222.776,file
4462,2026-07-25T02:50:36.540+00:00,12.68,rgb(192, 23, 180),ignition,209.934,file
4344,2026-07-25T02:41:28.274+00:00,471.23,rgb(192, 23, 180),cosmic,366.409,file
4303,2026-07-25T02:37:54.585+00:00,16.26,rgb(192, 23, 180),ignition,220.698,file
4203,2026-07-25T02:29:49.441+00:00,14.02,rgb(192, 23, 180),ignition,214.282,file
4182,2026-07-25T02:28:05.898+00:00,12.55,rgb(192, 23, 180),ignition,209.488,file
4100,2026-07-25T02:21:35.977+00:00,124.35,rgb(192, 23, 180),cosmic,308.748,file
4085,2026-07-25T02:20:16.996+00:00,27.97,rgb(192, 23, 180),moonshot,244.174,file
4061,2026-07-25T02:18:15.610+00:00,109.72,rgb(192, 23, 180),cosmic,303.33,file
3985,2026-07-25T02:12:09.796+00:00,70.9,rgb(192, 23, 180),mega,284.431,file
3957,2026-07-25T02:09:49.219+00:00,15.25,rgb(192, 23, 180),ignition,217.922,file
3946,2026-07-25T02:08:57.508+00:00,11.74,rgb(192, 23, 180),ignition,206.601,file
3881,2026-07-25T02:03:55.360+00:00,35.24,rgb(192, 23, 180),moonshot,254.174,file
3760,2026-07-25T01:54:04.116+00:00,30.51,rgb(192, 23, 180),moonshot,247.936,file
3731,2026-07-25T01:51:44.187+00:00,37.35,rgb(192, 23, 180),moonshot,256.691,file
3592,2026-07-25T01:40:37.372+00:00,49.46,rgb(192, 23, 180),moonshot,268.846,file
3509,2026-07-25T01:33:51.550+00:00,978.48,rgb(192, 23, 180),cosmic,398.032,file
3431,2026-07-25T01:27:34.984+00:00,611.7,rgb(192, 23, 180),cosmic,377.7,file
3360,2026-07-25T01:21:39.094+00:00,15.2,rgb(192, 23, 180),ignition,217.78,file
3317,2026-07-25T01:18:04.822+00:00,25.36,rgb(192, 23, 180),moonshot,239.934,file
3303,2026-07-25T01:16:59.720+00:00,55.52,rgb(192, 23, 180),mega,273.848,file
3178,2026-07-25T01:06:52.726+00:00,10.07,rgb(192, 23, 180),ignition,199.96,file
3113,2026-07-25T01:01:39.411+00:00,20.54,rgb(192, 23, 180),moonshot,230.811,file
3055,2026-07-25T00:56:53.655+00:00,10.45,rgb(192, 23, 180),ignition,201.563,file
3012,2026-07-25T00:53:23.317+00:00,11.09,rgb(192, 23, 180),ignition,204.136,file
2983,2026-07-25T00:50:56.207+00:00,152.35,rgb(192, 23, 180),cosmic,317.537,file
2956,2026-07-25T00:48:30.384+00:00,70.35,rgb(192, 23, 180),mega,284.094,file
2905,2026-07-25T00:44:24.590+00:00,39.09,rgb(192, 23, 180),moonshot,258.662,file
2872,2026-07-25T00:41:45.204+00:00,26.38,rgb(192, 23, 180),moonshot,241.641,file
2843,2026-07-25T00:39:16.030+00:00,40.15,rgb(192, 23, 180),moonshot,259.82,file
2803,2026-07-25T00:36:05.965+00:00,66.9,rgb(192, 23, 180),mega,281.918,file
2779,2026-07-25T00:33:58.017+00:00,639.38,rgb(192, 23, 180),cosmic,379.616,file
2752,2026-07-25T00:31:41.934+00:00,11.92,rgb(192, 23, 180),ignition,207.259,file
2745,2026-07-25T00:31:02.608+00:00,29.12,rgb(192, 23, 180),moonshot,245.918,file
2631,2026-07-25T00:22:03.307+00:00,25.18,rgb(192, 23, 180),moonshot,239.626,file
2621,2026-07-25T00:21:13.588+00:00,14.42,rgb(192, 23, 180),ignition,215.5,file
2552,2026-07-25T00:15:37.697+00:00,14.6,rgb(192, 23, 180),ignition,216.037,file
2528,2026-07-25T00:13:36.709+00:00,24.95,rgb(192, 23, 180),moonshot,239.229,file
2393,2026-07-25T00:02:28.127+00:00,22.21,rgb(192, 23, 180),moonshot,234.194,file
2381,2026-07-25T00:01:21.157+00:00,11.07,rgb(192, 23, 180),ignition,204.057,file
2300,2026-07-24T23:54:43.385+00:00,105.3,rgb(192, 23, 180),cosmic,301.551,file
2285,2026-07-24T23:53:13.803+00:00,14.38,rgb(192, 23, 180),ignition,215.38,file
2194,2026-07-24T23:45:49.327+00:00,49.94,rgb(192, 23, 180),moonshot,269.264,file
2183,2026-07-24T23:44:49.401+00:00,11.15,rgb(192, 23, 180),ignition,204.369,file
2114,2026-07-24T23:39:20.151+00:00,41.9,rgb(192, 23, 180),moonshot,261.666,file
2070,2026-07-24T23:35:35.481+00:00,12.04,rgb(192, 23, 180),ignition,207.693,file
2056,2026-07-24T23:34:29.036+00:00,10.34,rgb(192, 23, 180),ignition,201.105,file
1929,2026-07-24T23:23:44.097+00:00,16.04,rgb(192, 23, 180),ignition,220.108,file
1912,2026-07-24T23:22:19.086+00:00,14.36,rgb(192, 23, 180),ignition,215.32,file
1888,2026-07-24T23:20:15.809+00:00,24.23,rgb(192, 23, 180),moonshot,237.962,file
1793,2026-07-24T23:07:22.716+00:00,23.03,rgb(192, 23, 180),moonshot,235.763,file
1757,2026-07-24T23:04:00.740+00:00,22.62,rgb(192, 23, 180),moonshot,234.986,file
1722,2026-07-24T23:01:00.059+00:00,24.72,rgb(192, 23, 180),moonshot,238.828,file
1697,2026-07-24T22:58:52.039+00:00,25.79,rgb(192, 23, 180),moonshot,240.662,file
1684,2026-07-24T22:57:34.629+00:00,55.24,rgb(192, 23, 180),mega,273.629,file
1668,2026-07-24T22:55:59.160+00:00,10.13,rgb(192, 23, 180),ignition,200.217,file
1648,2026-07-24T22:54:20.899+00:00,188.36,rgb(192, 23, 180),cosmic,326.72,file
1616,2026-07-24T22:51:13.429+00:00,23.37,rgb(192, 23, 180),moonshot,236.398,file
1488,2026-07-24T22:39:24.175+00:00,24.21,rgb(192, 23, 180),moonshot,237.926,file
1475,2026-07-24T22:38:16.268+00:00,52.23,rgb(192, 23, 180),mega,271.204,file
1469,2026-07-24T22:27:58.648+00:00,17.87,rgb(192, 23, 180),ignition,224.784,file
1463,2026-07-24T22:26:10.018+00:00,60.39,rgb(192, 23, 180),mega,277.487,file
1459,2026-07-24T22:24:15.956+00:00,18.12,rgb(192, 23, 180),ignition,225.385,file
1419,2026-07-24T22:10:16.942+00:00,17.38,rgb(192, 23, 180),ignition,223.581,file
1413,2026-07-24T22:07:11.031+00:00,30.63,rgb(192, 23, 180),moonshot,248.106,file
1389,2026-07-24T21:59:26.373+00:00,38.19,rgb(192, 23, 180),moonshot,257.654,file
1388,2026-07-24T21:58:29.728+00:00,14.64,rgb(192, 23, 180),ignition,216.155,file
1366,2026-07-24T21:50:40.744+00:00,10.29,rgb(192, 23, 180),ignition,200.895,file
1323,2026-07-24T21:34:20.433+00:00,10.65,rgb(192, 23, 180),ignition,202.383,file
1322,2026-07-24T21:33:37.888+00:00,15.7,rgb(192, 23, 180),ignition,219.181,file
1320,2026-07-24T21:32:29.651+00:00,18.37,rgb(192, 23, 180),ignition,225.978,file
1311,2026-07-24T21:28:44.243+00:00,18.51,rgb(192, 23, 180),ignition,226.307,file
1306,2026-07-24T21:27:08.834+00:00,17.5,rgb(192, 23, 180),ignition,223.878,file
1288,2026-07-24T21:20:56.491+00:00,19.12,rgb(192, 23, 180),ignition,227.71,file
1267,2026-07-24T21:12:17.678+00:00,100.55,rgb(192, 23, 180),cosmic,299.553,file
1262,2026-07-24T21:09:24.833+00:00,19.48,rgb(192, 23, 180),ignition,228.518,file
1246,2026-07-24T21:02:44.248+00:00,10.23,rgb(192, 23, 180),ignition,200.642,file
1241,2026-07-24T21:00:43.653+00:00,48.22,rgb(192, 23, 180),moonshot,267.747,file
1234,2026-07-24T20:57:42.658+00:00,10.97,rgb(192, 23, 180),ignition,203.665,file
1226,2026-07-24T20:55:10.664+00:00,12.96,rgb(192, 23, 180),ignition,210.88,file
1222,2026-07-24T20:53:28.152+00:00,10.11,rgb(192, 23, 180),ignition,200.131,file
1221,2026-07-24T20:52:48.921+00:00,31.31,rgb(192, 23, 180),moonshot,249.057,file
1219,2026-07-24T20:51:34.395+00:00,12.87,rgb(192, 23, 180),ignition,210.578,file
1174,2026-07-24T20:37:41.829+00:00,13.59,rgb(192, 23, 180),ignition,212.934,file
1161,2026-07-24T20:32:21.617+00:00,352.01,rgb(192, 23, 180),cosmic,353.784,file
1150,2026-07-24T20:27:50.172+00:00,47.06,rgb(192, 23, 180),moonshot,266.693,file
1110,2026-07-24T20:14:01.614+00:00,21.46,rgb(192, 23, 180),moonshot,232.707,file
1103,2026-07-24T20:11:26.428+00:00,21.23,rgb(192, 23, 180),moonshot,232.241,file
1092,2026-07-24T20:06:28.730+00:00,11.47,rgb(192, 23, 180),ignition,205.594,file
1077,2026-07-24T20:00:32.284+00:00,12.4,rgb(192, 23, 180),ignition,208.968,file
1054,2026-07-24T19:50:19.007+00:00,539.67,rgb(192, 23, 180),cosmic,372.278,file
1045,2026-07-24T19:45:29.810+00:00,12.13,rgb(192, 23, 180),ignition,208.015,file
1042,2026-07-24T19:44:01.086+00:00,14.96,rgb(192, 23, 180),ignition,217.091,file
1028,2026-07-24T19:38:10.924+00:00,129.25,rgb(192, 23, 180),cosmic,310.421,file
1027,2026-07-24T19:36:56.840+00:00,12.49,rgb(192, 23, 180),ignition,209.281,file
1016,2026-07-24T19:31:54.542+00:00,60.02,rgb(192, 23, 180),mega,277.221,file
1013,2026-07-24T19:29:58.782+00:00,45.16,rgb(192, 23, 180),moonshot,264.909,file
1011,2026-07-24T19:28:25.318+00:00,10.42,rgb(192, 23, 180),ignition,201.439,file
1006,2026-07-24T19:26:41.070+00:00,69.25,rgb(192, 23, 180),mega,283.412,file
993,2026-07-24T19:20:33.426+00:00,11.17,rgb(192, 23, 180),ignition,204.447,file
982,2026-07-24T19:15:49.006+00:00,15.37,rgb(192, 23, 180),ignition,218.261,file
977,2026-07-24T19:13:34.260+00:00,404.96,rgb(192, 23, 180),cosmic,359.849,file
969,2026-07-24T19:10:00.766+00:00,10.1,rgb(192, 23, 180),ignition,200.089,file
961,2026-07-24T19:06:19.588+00:00,11.9,rgb(192, 23, 180),ignition,207.187,file
960,2026-07-24T19:05:34.386+00:00,10.54,rgb(192, 23, 180),ignition,201.934,file
941,2026-07-24T18:57:06.277+00:00,91.44,rgb(192, 23, 180),mega,295.443,file
938,2026-07-24T18:55:40.279+00:00,65.7,rgb(192, 23, 180),mega,281.135,file
914,2026-07-24T18:45:27.207+00:00,10.54,rgb(192, 23, 180),ignition,201.934,file
901,2026-07-24T18:40:37.688+00:00,10.6,rgb(192, 23, 180),ignition,202.18,file
881,2026-07-24T18:32:31.808+00:00,33.01,rgb(192, 23, 180),moonshot,251.345,file
880,2026-07-24T18:31:35.983+00:00,40.68,rgb(192, 23, 180),moonshot,260.387,file
871,2026-07-24T18:28:04.218+00:00,48.46,rgb(192, 23, 180),moonshot,267.962,file
856,2026-07-24T18:22:13.690+00:00,20.01,rgb(192, 23, 180),moonshot,229.679,file
854,2026-07-24T18:20:56.685+00:00,26.69,rgb(192, 23, 180),moonshot,242.147,file
833,2026-07-24T18:12:08.674+00:00,65.22,rgb(192, 23, 180),mega,280.817,file
825,2026-07-24T18:09:02.353+00:00,502,rgb(192, 23, 180),cosmic,369.146,file
812,2026-07-24T18:03:31.403+00:00,11.53,rgb(192, 23, 180),ignition,205.82,file
810,2026-07-24T18:02:20.602+00:00,21.65,rgb(192, 23, 180),moonshot,233.089,file
791,2026-07-24T17:55:08.503+00:00,14.06,rgb(192, 23, 180),ignition,214.406,file
787,2026-07-24T17:53:11.468+00:00,11.91,rgb(192, 23, 180),ignition,207.223,file
767,2026-07-24T17:46:02.285+00:00,32.23,rgb(192, 23, 180),moonshot,250.31,file
695,2026-07-24T17:22:03.715+00:00,40.55,rgb(192, 23, 180),moonshot,260.249,file
689,2026-07-24T17:19:26.025+00:00,15.7,rgb(192, 23, 180),ignition,219.181,file
688,2026-07-24T17:18:40.788+00:00,13.94,rgb(192, 23, 180),ignition,214.035,file
681,2026-07-24T17:15:46.784+00:00,16.58,rgb(192, 23, 180),ignition,221.541,file
648,2026-07-24T17:02:57.458+00:00,11.95,rgb(192, 23, 180),ignition,207.368,file
639,2026-07-24T16:59:48.110+00:00,16.09,rgb(192, 23, 180),ignition,220.243,file
635,2026-07-24T16:57:43.528+00:00,259.9,rgb(192, 23, 180),cosmic,340.654,file
633,2026-07-24T16:56:03.595+00:00,22.32,rgb(192, 23, 180),moonshot,234.408,file
631,2026-07-24T16:54:48.699+00:00,43.51,rgb(192, 23, 180),moonshot,263.298,file
629,2026-07-24T16:53:32.853+00:00,12.31,rgb(192, 23, 180),ignition,208.653,file
604,2026-07-24T16:44:42.247+00:00,21.03,rgb(192, 23, 180),moonshot,231.831,file
591,2026-07-24T16:39:42.183+00:00,129.41,rgb(192, 23, 180),cosmic,310.474,file
559,2026-07-24T16:26:49.255+00:00,45.34,rgb(192, 23, 180),moonshot,265.081,file
550,2026-07-24T16:23:28.948+00:00,13.79,rgb(192, 23, 180),ignition,213.567,file
540,2026-07-24T16:20:09.914+00:00,23.04,rgb(192, 23, 180),moonshot,235.782,file
536,2026-07-24T16:18:49.698+00:00,12.27,rgb(192, 23, 180),ignition,208.512,file
519,2026-07-24T16:12:32.644+00:00,80.62,rgb(192, 23, 180),mega,289.992,file
517,2026-07-24T16:10:58.854+00:00,20.66,rgb(192, 23, 180),moonshot,231.063,file
507,2026-07-24T16:08:16.817+00:00,15.76,rgb(192, 23, 180),ignition,219.346,file
498,2026-07-24T16:05:15.920+00:00,38.66,rgb(192, 23, 180),moonshot,258.183,file
496,2026-07-24T16:03:53.263+00:00,11.82,rgb(192, 23, 180),ignition,206.895,file
495,2026-07-24T16:03:11.876+00:00,17.37,rgb(192, 23, 180),ignition,223.556,file
492,2026-07-24T16:01:53.735+00:00,14.4,rgb(192, 23, 180),ignition,215.44,file
490,2026-07-24T16:00:46.160+00:00,35.3,rgb(192, 23, 180),moonshot,254.248,file
464,2026-07-24T15:53:09.965+00:00,13.34,rgb(192, 23, 180),ignition,212.131,file
455,2026-07-24T15:49:52.453+00:00,10.96,rgb(192, 23, 180),ignition,203.625,file
447,2026-07-24T15:47:33.710+00:00,35.95,rgb(192, 23, 180),moonshot,255.038,file
439,2026-07-24T15:44:18.681+00:00,21.48,rgb(192, 23, 180),moonshot,232.748,file
423,2026-07-24T15:37:58.383+00:00,14.62,rgb(192, 23, 180),ignition,216.096,file
422,2026-07-24T15:37:15.118+00:00,12.22,rgb(192, 23, 180),ignition,208.335,file
394,2026-07-24T15:28:28.372+00:00,14.27,rgb(192, 23, 180),ignition,215.047,file
380,2026-07-24T15:23:20.600+00:00,11.95,rgb(192, 23, 180),ignition,207.368,file
365,2026-07-24T15:17:59.194+00:00,39.29,rgb(192, 23, 180),moonshot,258.883,file
351,2026-07-24T15:12:53.576+00:00,11.94,rgb(192, 23, 180),ignition,207.332,file
345,2026-07-24T15:11:01.803+00:00,26.19,rgb(192, 23, 180),moonshot,241.328,file
337,2026-07-24T15:07:33.076+00:00,52.23,rgb(192, 23, 180),mega,271.204,file
326,2026-07-24T15:03:51.122+00:00,17.98,rgb(192, 23, 180),ignition,225.05,file
325,2026-07-24T15:03:03.663+00:00,23.91,rgb(192, 23, 180),moonshot,237.386,file
324,2026-07-24T15:02:14.245+00:00,18.95,rgb(192, 23, 180),ignition,227.324,file
312,2026-07-24T14:58:16.044+00:00,10,rgb(192, 23, 180),ignition,199.658,file
310,2026-07-24T14:57:08.593+00:00,10.04,rgb(192, 23, 180),ignition,199.831,file
286,2026-07-24T14:48:54.731+00:00,59.9,rgb(192, 23, 180),mega,277.135,file
285,2026-07-24T14:47:51.021+00:00,23.05,rgb(192, 23, 180),moonshot,235.801,file
279,2026-07-24T14:45:35.450+00:00,27.22,rgb(192, 23, 180),moonshot,242.998,file
272,2026-07-24T14:42:20.857+00:00,102.36,rgb(192, 23, 180),cosmic,300.325,file
268,2026-07-24T14:40:32.878+00:00,27.04,rgb(192, 23, 180),moonshot,242.711,file
240,2026-07-24T14:29:43.632+00:00,11.47,rgb(192, 23, 180),ignition,205.594,file
214,2026-07-24T14:20:15.021+00:00,10.62,rgb(192, 23, 180),ignition,202.261,file
213,2026-07-24T14:19:32.697+00:00,44.97,rgb(192, 23, 180),moonshot,264.727,file
211,2026-07-24T14:18:06.134+00:00,12.74,rgb(192, 23, 180),ignition,210.139,file
194,2026-07-24T14:11:50.604+00:00,350.25,rgb(192, 23, 180),cosmic,353.567,file
185,2026-07-24T14:08:00.564+00:00,168.54,rgb(192, 23, 180),cosmic,321.908,file
183,2026-07-24T14:06:14.706+00:00,18.71,rgb(192, 23, 180),ignition,226.772,file
162,2026-07-24T13:57:46.210+00:00,79.79,rgb(192, 23, 180),mega,289.544,file
144,2026-07-24T13:50:46.841+00:00,208.75,rgb(192, 23, 180),cosmic,331.169,file
143,2026-07-24T13:49:31.351+00:00,69.46,rgb(192, 23, 180),mega,283.543,file
127,2026-07-24T13:43:05.401+00:00,12.64,rgb(192, 23, 180),ignition,209.798,file